dataset,dataset_label,seed,experiment,model,candidate_set,selection_criterion,selected_lambda,selected_C,feature_map,reps,entanglement,validation_F1,validation_Balanced Accuracy,validation_Business Cost,validation_FN,validation_FP,runtime_seconds,validation_source_path,Accuracy,Precision,Recall,Specificity,F1,Balanced Accuracy,ROC-AUC,PR-AUC,TN,FP,FN,TP,Business Cost
taiwan,Taiwan Informative 10000,10,convex,Convex,all,validation_f1,0.8,0.75,zz,1,full,0.614596670934699,0.7639429224365426,757.0,114.0,187.0,10.89,supplementary_source/target_dataset_qsvc_experiments/taiwan/convex/lambda_validation_c_tuned_sample10000_seed10.csv,0.822,0.5866935483870968,0.6583710407239819,0.868421052631579,0.6204690831556503,0.7633960466777805,0.8164414872298282,0.5741193945617515,1353,205,151,291,960.0
taiwan,Taiwan Informative 10000,10,convex,Convex,all,validation_business_cost,0.8,0.75,zz,1,full,0.614596670934699,0.7639429224365426,757.0,114.0,187.0,0.0,supplementary_source/target_dataset_qsvc_experiments/taiwan/convex/lambda_validation_c_tuned_sample10000_seed10.csv,0.822,0.5866935483870968,0.6583710407239819,0.868421052631579,0.6204690831556503,0.7633960466777805,0.8164414872298282,0.5741193945617515,1353,205,151,291,960.0
taiwan,Taiwan Informative 10000,10,convex,Convex,all,validation_balanced_accuracy,0.8,0.75,zz,1,full,0.614596670934699,0.7639429224365426,757.0,114.0,187.0,0.0,supplementary_source/target_dataset_qsvc_experiments/taiwan/convex/lambda_validation_c_tuned_sample10000_seed10.csv,0.822,0.5866935483870968,0.6583710407239819,0.868421052631579,0.6204690831556503,0.7633960466777805,0.8164414872298282,0.5741193945617515,1353,205,151,291,960.0
taiwan,Taiwan Informative 10000,10,convex,Convex,nonzero,validation_f1,0.8,0.75,zz,1,full,0.614596670934699,0.7639429224365426,757.0,114.0,187.0,0.0,supplementary_source/target_dataset_qsvc_experiments/taiwan/convex/lambda_validation_c_tuned_sample10000_seed10.csv,0.822,0.5866935483870968,0.6583710407239819,0.868421052631579,0.6204690831556503,0.7633960466777805,0.8164414872298282,0.5741193945617515,1353,205,151,291,960.0
taiwan,Taiwan Informative 10000,10,convex,Convex,nonzero,validation_business_cost,0.8,0.75,zz,1,full,0.614596670934699,0.7639429224365426,757.0,114.0,187.0,0.0,supplementary_source/target_dataset_qsvc_experiments/taiwan/convex/lambda_validation_c_tuned_sample10000_seed10.csv,0.822,0.5866935483870968,0.6583710407239819,0.868421052631579,0.6204690831556503,0.7633960466777805,0.8164414872298282,0.5741193945617515,1353,205,151,291,960.0
taiwan,Taiwan Informative 10000,10,convex,Convex,nonzero,validation_balanced_accuracy,0.8,0.75,zz,1,full,0.614596670934699,0.7639429224365426,757.0,114.0,187.0,0.0,supplementary_source/target_dataset_qsvc_experiments/taiwan/convex/lambda_validation_c_tuned_sample10000_seed10.csv,0.822,0.5866935483870968,0.6583710407239819,0.868421052631579,0.6204690831556503,0.7633960466777805,0.8164414872298282,0.5741193945617515,1353,205,151,291,960.0
taiwan,Taiwan Informative 10000,10,feature_specific,Feature-specific,all,validation_f1,0.25,5.0,zz,2,linear,0.5928753180661578,0.7492405074770339,804.0,121.0,199.0,9.462,supplementary_source/target_dataset_qsvc_experiments/taiwan/feature_specific_weighting/lambda_validation_c_tuned_sample10000_seed10.csv,0.803,0.5463320463320464,0.6402714932126696,0.8491655969191271,0.5895833333333333,0.7447185450658984,0.8039646489582305,0.5917703119900481,1323,235,159,283,1030.0
taiwan,Taiwan Informative 10000,10,feature_specific,Feature-specific,all,validation_business_cost,0.1,5.0,zz,2,linear,0.5909090909090909,0.7486465163098186,804.0,120.0,204.0,9.302,supplementary_source/target_dataset_qsvc_experiments/taiwan/feature_specific_weighting/lambda_validation_c_tuned_sample10000_seed10.csv,0.799,0.5380228136882129,0.6402714932126696,0.8440308087291399,0.5847107438016529,0.7421511509709048,0.8032022723180317,0.5871856462769668,1315,243,159,283,1038.0
taiwan,Taiwan Informative 10000,10,feature_specific,Feature-specific,all,validation_balanced_accuracy,0.25,5.0,zz,2,linear,0.5928753180661578,0.7492405074770339,804.0,121.0,199.0,0.0,supplementary_source/target_dataset_qsvc_experiments/taiwan/feature_specific_weighting/lambda_validation_c_tuned_sample10000_seed10.csv,0.803,0.5463320463320464,0.6402714932126696,0.8491655969191271,0.5895833333333333,0.7447185450658984,0.8039646489582305,0.5917703119900481,1323,235,159,283,1030.0
taiwan,Taiwan Informative 10000,10,feature_specific,Feature-specific,nonzero,validation_f1,0.25,5.0,zz,2,linear,0.5928753180661578,0.7492405074770339,804.0,121.0,199.0,0.0,supplementary_source/target_dataset_qsvc_experiments/taiwan/feature_specific_weighting/lambda_validation_c_tuned_sample10000_seed10.csv,0.803,0.5463320463320464,0.6402714932126696,0.8491655969191271,0.5895833333333333,0.7447185450658984,0.8039646489582305,0.5917703119900481,1323,235,159,283,1030.0
taiwan,Taiwan Informative 10000,10,feature_specific,Feature-specific,nonzero,validation_business_cost,0.1,5.0,zz,2,linear,0.5909090909090909,0.7486465163098186,804.0,120.0,204.0,0.0,supplementary_source/target_dataset_qsvc_experiments/taiwan/feature_specific_weighting/lambda_validation_c_tuned_sample10000_seed10.csv,0.799,0.5380228136882129,0.6402714932126696,0.8440308087291399,0.5847107438016529,0.7421511509709048,0.8032022723180317,0.5871856462769668,1315,243,159,283,1038.0
taiwan,Taiwan Informative 10000,10,feature_specific,Feature-specific,nonzero,validation_balanced_accuracy,0.25,5.0,zz,2,linear,0.5928753180661578,0.7492405074770339,804.0,121.0,199.0,0.0,supplementary_source/target_dataset_qsvc_experiments/taiwan/feature_specific_weighting/lambda_validation_c_tuned_sample10000_seed10.csv,0.803,0.5463320463320464,0.6402714932126696,0.8491655969191271,0.5895833333333333,0.7447185450658984,0.8039646489582305,0.5917703119900481,1323,235,159,283,1030.0
taiwan,Taiwan Informative 10000,20,convex,Convex,all,validation_f1,1.0,0.15,zz,1,full,0.6120805369127517,0.7566245885137525,793.0,126.0,163.0,10.805,supplementary_source/target_dataset_qsvc_experiments/taiwan/convex/lambda_validation_c_tuned_sample10000_seed20.csv,0.8065,0.5542406311637081,0.6357466063348416,0.8549422336328626,0.5922023182297155,0.7453444199838521,0.8015932945707166,0.5208934058396845,1332,226,161,281,1031.0
taiwan,Taiwan Informative 10000,20,convex,Convex,all,validation_business_cost,0.35,0.15,zz,1,full,0.6115485564304461,0.7588713260966164,780.0,121.0,175.0,10.679,supplementary_source/target_dataset_qsvc_experiments/taiwan/convex/lambda_validation_c_tuned_sample10000_seed20.csv,0.809,0.5592885375494071,0.6402714932126696,0.8568677792041078,0.5970464135021097,0.7485696362083887,0.8044307878182377,0.5299763886937033,1335,223,159,283,1018.0
taiwan,Taiwan Informative 10000,20,convex,Convex,all,validation_balanced_accuracy,0.35,0.15,zz,1,full,0.6115485564304461,0.7588713260966164,780.0,121.0,175.0,0.0,supplementary_source/target_dataset_qsvc_experiments/taiwan/convex/lambda_validation_c_tuned_sample10000_seed20.csv,0.809,0.5592885375494071,0.6402714932126696,0.8568677792041078,0.5970464135021097,0.7485696362083887,0.8044307878182377,0.5299763886937033,1335,223,159,283,1018.0
taiwan,Taiwan Informative 10000,20,convex,Convex,nonzero,validation_f1,1.0,0.15,zz,1,full,0.6120805369127517,0.7566245885137525,793.0,126.0,163.0,0.0,supplementary_source/target_dataset_qsvc_experiments/taiwan/convex/lambda_validation_c_tuned_sample10000_seed20.csv,0.8065,0.5542406311637081,0.6357466063348416,0.8549422336328626,0.5922023182297155,0.7453444199838521,0.8015932945707166,0.5208934058396845,1332,226,161,281,1031.0
taiwan,Taiwan Informative 10000,20,convex,Convex,nonzero,validation_business_cost,0.35,0.15,zz,1,full,0.6115485564304461,0.7588713260966164,780.0,121.0,175.0,0.0,supplementary_source/target_dataset_qsvc_experiments/taiwan/convex/lambda_validation_c_tuned_sample10000_seed20.csv,0.809,0.5592885375494071,0.6402714932126696,0.8568677792041078,0.5970464135021097,0.7485696362083887,0.8044307878182377,0.5299763886937033,1335,223,159,283,1018.0
taiwan,Taiwan Informative 10000,20,convex,Convex,nonzero,validation_balanced_accuracy,0.35,0.15,zz,1,full,0.6115485564304461,0.7588713260966164,780.0,121.0,175.0,0.0,supplementary_source/target_dataset_qsvc_experiments/taiwan/convex/lambda_validation_c_tuned_sample10000_seed20.csv,0.809,0.5592885375494071,0.6402714932126696,0.8568677792041078,0.5970464135021097,0.7485696362083887,0.8044307878182377,0.5299763886937033,1335,223,159,283,1018.0
taiwan,Taiwan Informative 10000,20,feature_specific,Feature-specific,all,validation_f1,0.05,2.0,zz,2,linear,0.6166219839142091,0.7598507313799638,782.0,124.0,162.0,9.371,supplementary_source/target_dataset_qsvc_experiments/taiwan/feature_specific_weighting/lambda_validation_c_tuned_sample10000_seed20.csv,0.813,0.5677290836653387,0.6447963800904978,0.8607188703465982,0.6038135593220338,0.7527576252185479,0.8081003607130619,0.5660888111352389,1341,217,157,285,1002.0
taiwan,Taiwan Informative 10000,20,feature_specific,Feature-specific,all,validation_business_cost,0.05,2.0,zz,2,linear,0.6166219839142091,0.7598507313799638,782.0,124.0,162.0,0.0,supplementary_source/target_dataset_qsvc_experiments/taiwan/feature_specific_weighting/lambda_validation_c_tuned_sample10000_seed20.csv,0.813,0.5677290836653387,0.6447963800904978,0.8607188703465982,0.6038135593220338,0.7527576252185479,0.8081003607130619,0.5660888111352389,1341,217,157,285,1002.0
taiwan,Taiwan Informative 10000,20,feature_specific,Feature-specific,all,validation_balanced_accuracy,0.05,2.0,zz,2,linear,0.6166219839142091,0.7598507313799638,782.0,124.0,162.0,0.0,supplementary_source/target_dataset_qsvc_experiments/taiwan/feature_specific_weighting/lambda_validation_c_tuned_sample10000_seed20.csv,0.813,0.5677290836653387,0.6447963800904978,0.8607188703465982,0.6038135593220338,0.7527576252185479,0.8081003607130619,0.5660888111352389,1341,217,157,285,1002.0
taiwan,Taiwan Informative 10000,20,feature_specific,Feature-specific,nonzero,validation_f1,0.05,2.0,zz,2,linear,0.6166219839142091,0.7598507313799638,782.0,124.0,162.0,0.0,supplementary_source/target_dataset_qsvc_experiments/taiwan/feature_specific_weighting/lambda_validation_c_tuned_sample10000_seed20.csv,0.813,0.5677290836653387,0.6447963800904978,0.8607188703465982,0.6038135593220338,0.7527576252185479,0.8081003607130619,0.5660888111352389,1341,217,157,285,1002.0
taiwan,Taiwan Informative 10000,20,feature_specific,Feature-specific,nonzero,validation_business_cost,0.05,2.0,zz,2,linear,0.6166219839142091,0.7598507313799638,782.0,124.0,162.0,0.0,supplementary_source/target_dataset_qsvc_experiments/taiwan/feature_specific_weighting/lambda_validation_c_tuned_sample10000_seed20.csv,0.813,0.5677290836653387,0.6447963800904978,0.8607188703465982,0.6038135593220338,0.7527576252185479,0.8081003607130619,0.5660888111352389,1341,217,157,285,1002.0
taiwan,Taiwan Informative 10000,20,feature_specific,Feature-specific,nonzero,validation_balanced_accuracy,0.05,2.0,zz,2,linear,0.6166219839142091,0.7598507313799638,782.0,124.0,162.0,0.0,supplementary_source/target_dataset_qsvc_experiments/taiwan/feature_specific_weighting/lambda_validation_c_tuned_sample10000_seed20.csv,0.813,0.5677290836653387,0.6447963800904978,0.8607188703465982,0.6038135593220338,0.7527576252185479,0.8081003607130619,0.5660888111352389,1341,217,157,285,1002.0
taiwan,Taiwan Informative 10000,30,convex,Convex,all,validation_f1,1.0,0.75,zz,1,full,0.6718954248366014,0.8011965974734971,639.0,97.0,154.0,10.975,supplementary_source/target_dataset_qsvc_experiments/taiwan/convex/lambda_validation_c_tuned_sample10000_seed30.csv,0.824,0.5845864661654135,0.7036199095022625,0.8581514762516046,0.6386036960985626,0.7808856928769335,0.8286191834292718,0.5815619920162074,1337,221,131,311,876.0
taiwan,Taiwan Informative 10000,30,convex,Convex,all,validation_business_cost,0.6,0.75,zz,1,full,0.6701164294954722,0.8016137515756636,635.0,95.0,160.0,10.687,supplementary_source/target_dataset_qsvc_experiments/taiwan/convex/lambda_validation_c_tuned_sample10000_seed30.csv,0.8205,0.5758683729433273,0.7126696832579186,0.8510911424903723,0.6370070778564206,0.7818804128741454,0.8302542998042508,0.5764678352193893,1326,232,127,315,867.0
taiwan,Taiwan Informative 10000,30,convex,Convex,all,validation_balanced_accuracy,0.6,0.75,zz,1,full,0.6701164294954722,0.8016137515756636,635.0,95.0,160.0,0.0,supplementary_source/target_dataset_qsvc_experiments/taiwan/convex/lambda_validation_c_tuned_sample10000_seed30.csv,0.8205,0.5758683729433273,0.7126696832579186,0.8510911424903723,0.6370070778564206,0.7818804128741454,0.8302542998042508,0.5764678352193893,1326,232,127,315,867.0
taiwan,Taiwan Informative 10000,30,convex,Convex,nonzero,validation_f1,1.0,0.75,zz,1,full,0.6718954248366014,0.8011965974734971,639.0,97.0,154.0,0.0,supplementary_source/target_dataset_qsvc_experiments/taiwan/convex/lambda_validation_c_tuned_sample10000_seed30.csv,0.824,0.5845864661654135,0.7036199095022625,0.8581514762516046,0.6386036960985626,0.7808856928769335,0.8286191834292718,0.5815619920162074,1337,221,131,311,876.0
taiwan,Taiwan Informative 10000,30,convex,Convex,nonzero,validation_business_cost,0.6,0.75,zz,1,full,0.6701164294954722,0.8016137515756636,635.0,95.0,160.0,0.0,supplementary_source/target_dataset_qsvc_experiments/taiwan/convex/lambda_validation_c_tuned_sample10000_seed30.csv,0.8205,0.5758683729433273,0.7126696832579186,0.8510911424903723,0.6370070778564206,0.7818804128741454,0.8302542998042508,0.5764678352193893,1326,232,127,315,867.0
taiwan,Taiwan Informative 10000,30,convex,Convex,nonzero,validation_balanced_accuracy,0.6,0.75,zz,1,full,0.6701164294954722,0.8016137515756636,635.0,95.0,160.0,0.0,supplementary_source/target_dataset_qsvc_experiments/taiwan/convex/lambda_validation_c_tuned_sample10000_seed30.csv,0.8205,0.5758683729433273,0.7126696832579186,0.8510911424903723,0.6370070778564206,0.7818804128741454,0.8302542998042508,0.5764678352193893,1326,232,127,315,867.0
taiwan,Taiwan Informative 10000,30,feature_specific,Feature-specific,all,validation_f1,0.7,5.0,zz,2,linear,0.6479591836734694,0.7881310589366198,676.0,100.0,176.0,9.388,supplementary_source/target_dataset_qsvc_experiments/taiwan/feature_specific_weighting/lambda_validation_c_tuned_sample10000_seed30.csv,0.8055,0.5459272097053726,0.7126696832579186,0.8318356867779204,0.6182531894013739,0.7722526850179194,0.8279410312559903,0.5753001491028747,1296,262,127,315,897.0
taiwan,Taiwan Informative 10000,30,feature_specific,Feature-specific,all,validation_business_cost,0.55,5.0,zz,2,linear,0.6455696202531646,0.7875370677694045,676.0,99.0,181.0,9.434,supplementary_source/target_dataset_qsvc_experiments/taiwan/feature_specific_weighting/lambda_validation_c_tuned_sample10000_seed30.csv,0.805,0.5452961672473867,0.7081447963800905,0.8324775353016688,0.6161417322834646,0.7703111658408797,0.8273601728634575,0.5765689519877595,1297,261,129,313,906.0
taiwan,Taiwan Informative 10000,30,feature_specific,Feature-specific,all,validation_balanced_accuracy,0.7,5.0,zz,2,linear,0.6479591836734694,0.7881310589366198,676.0,100.0,176.0,0.0,supplementary_source/target_dataset_qsvc_experiments/taiwan/feature_specific_weighting/lambda_validation_c_tuned_sample10000_seed30.csv,0.8055,0.5459272097053726,0.7126696832579186,0.8318356867779204,0.6182531894013739,0.7722526850179194,0.8279410312559903,0.5753001491028747,1296,262,127,315,897.0
taiwan,Taiwan Informative 10000,30,feature_specific,Feature-specific,nonzero,validation_f1,0.7,5.0,zz,2,linear,0.6479591836734694,0.7881310589366198,676.0,100.0,176.0,0.0,supplementary_source/target_dataset_qsvc_experiments/taiwan/feature_specific_weighting/lambda_validation_c_tuned_sample10000_seed30.csv,0.8055,0.5459272097053726,0.7126696832579186,0.8318356867779204,0.6182531894013739,0.7722526850179194,0.8279410312559903,0.5753001491028747,1296,262,127,315,897.0
taiwan,Taiwan Informative 10000,30,feature_specific,Feature-specific,nonzero,validation_business_cost,0.55,5.0,zz,2,linear,0.6455696202531646,0.7875370677694045,676.0,99.0,181.0,0.0,supplementary_source/target_dataset_qsvc_experiments/taiwan/feature_specific_weighting/lambda_validation_c_tuned_sample10000_seed30.csv,0.805,0.5452961672473867,0.7081447963800905,0.8324775353016688,0.6161417322834646,0.7703111658408797,0.8273601728634575,0.5765689519877595,1297,261,129,313,906.0
taiwan,Taiwan Informative 10000,30,feature_specific,Feature-specific,nonzero,validation_balanced_accuracy,0.7,5.0,zz,2,linear,0.6479591836734694,0.7881310589366198,676.0,100.0,176.0,0.0,supplementary_source/target_dataset_qsvc_experiments/taiwan/feature_specific_weighting/lambda_validation_c_tuned_sample10000_seed30.csv,0.8055,0.5459272097053726,0.7126696832579186,0.8318356867779204,0.6182531894013739,0.7722526850179194,0.8279410312559903,0.5753001491028747,1296,262,127,315,897.0
taiwan,Taiwan Informative 10000,40,convex,Convex,all,validation_f1,0.3,0.3,zz,1,full,0.621656050955414,0.769592639950667,737.0,110.0,187.0,10.85,supplementary_source/target_dataset_qsvc_experiments/taiwan/convex/lambda_validation_c_tuned_sample10000_seed40.csv,0.8125,0.5653021442495126,0.6561085972850679,0.8568677792041078,0.6073298429319371,0.7564881882445879,0.8176540291242398,0.5718593220990651,1335,223,152,290,983.0
taiwan,Taiwan Informative 10000,40,convex,Convex,all,validation_business_cost,0.3,0.3,zz,1,full,0.621656050955414,0.769592639950667,737.0,110.0,187.0,0.0,supplementary_source/target_dataset_qsvc_experiments/taiwan/convex/lambda_validation_c_tuned_sample10000_seed40.csv,0.8125,0.5653021442495126,0.6561085972850679,0.8568677792041078,0.6073298429319371,0.7564881882445879,0.8176540291242398,0.5718593220990651,1335,223,152,290,983.0
taiwan,Taiwan Informative 10000,40,convex,Convex,all,validation_balanced_accuracy,0.3,0.3,zz,1,full,0.621656050955414,0.769592639950667,737.0,110.0,187.0,0.0,supplementary_source/target_dataset_qsvc_experiments/taiwan/convex/lambda_validation_c_tuned_sample10000_seed40.csv,0.8125,0.5653021442495126,0.6561085972850679,0.8568677792041078,0.6073298429319371,0.7564881882445879,0.8176540291242398,0.5718593220990651,1335,223,152,290,983.0
taiwan,Taiwan Informative 10000,40,convex,Convex,nonzero,validation_f1,0.3,0.3,zz,1,full,0.621656050955414,0.769592639950667,737.0,110.0,187.0,0.0,supplementary_source/target_dataset_qsvc_experiments/taiwan/convex/lambda_validation_c_tuned_sample10000_seed40.csv,0.8125,0.5653021442495126,0.6561085972850679,0.8568677792041078,0.6073298429319371,0.7564881882445879,0.8176540291242398,0.5718593220990651,1335,223,152,290,983.0
taiwan,Taiwan Informative 10000,40,convex,Convex,nonzero,validation_business_cost,0.3,0.3,zz,1,full,0.621656050955414,0.769592639950667,737.0,110.0,187.0,0.0,supplementary_source/target_dataset_qsvc_experiments/taiwan/convex/lambda_validation_c_tuned_sample10000_seed40.csv,0.8125,0.5653021442495126,0.6561085972850679,0.8568677792041078,0.6073298429319371,0.7564881882445879,0.8176540291242398,0.5718593220990651,1335,223,152,290,983.0
taiwan,Taiwan Informative 10000,40,convex,Convex,nonzero,validation_balanced_accuracy,0.3,0.3,zz,1,full,0.621656050955414,0.769592639950667,737.0,110.0,187.0,0.0,supplementary_source/target_dataset_qsvc_experiments/taiwan/convex/lambda_validation_c_tuned_sample10000_seed40.csv,0.8125,0.5653021442495126,0.6561085972850679,0.8568677792041078,0.6073298429319371,0.7564881882445879,0.8176540291242398,0.5718593220990651,1335,223,152,290,983.0
taiwan,Taiwan Informative 10000,40,feature_specific,Feature-specific,all,validation_f1,0.95,0.1,zz,2,linear,0.571773220747889,0.7392401447343363,823.0,117.0,238.0,9.363,supplementary_source/target_dataset_qsvc_experiments/taiwan/feature_specific_weighting/lambda_validation_c_tuned_sample10000_seed40.csv,0.7915,0.5230202578268877,0.6425339366515838,0.8337612323491655,0.5766497461928934,0.7381475845003747,0.7907051040026951,0.5687700330263201,1299,259,158,284,1049.0
taiwan,Taiwan Informative 10000,40,feature_specific,Feature-specific,all,validation_business_cost,0.95,0.1,zz,2,linear,0.571773220747889,0.7392401447343363,823.0,117.0,238.0,0.0,supplementary_source/target_dataset_qsvc_experiments/taiwan/feature_specific_weighting/lambda_validation_c_tuned_sample10000_seed40.csv,0.7915,0.5230202578268877,0.6425339366515838,0.8337612323491655,0.5766497461928934,0.7381475845003747,0.7907051040026951,0.5687700330263201,1299,259,158,284,1049.0
taiwan,Taiwan Informative 10000,40,feature_specific,Feature-specific,all,validation_balanced_accuracy,0.95,0.1,zz,2,linear,0.571773220747889,0.7392401447343363,823.0,117.0,238.0,0.0,supplementary_source/target_dataset_qsvc_experiments/taiwan/feature_specific_weighting/lambda_validation_c_tuned_sample10000_seed40.csv,0.7915,0.5230202578268877,0.6425339366515838,0.8337612323491655,0.5766497461928934,0.7381475845003747,0.7907051040026951,0.5687700330263201,1299,259,158,284,1049.0
taiwan,Taiwan Informative 10000,40,feature_specific,Feature-specific,nonzero,validation_f1,0.95,0.1,zz,2,linear,0.571773220747889,0.7392401447343363,823.0,117.0,238.0,0.0,supplementary_source/target_dataset_qsvc_experiments/taiwan/feature_specific_weighting/lambda_validation_c_tuned_sample10000_seed40.csv,0.7915,0.5230202578268877,0.6425339366515838,0.8337612323491655,0.5766497461928934,0.7381475845003747,0.7907051040026951,0.5687700330263201,1299,259,158,284,1049.0
taiwan,Taiwan Informative 10000,40,feature_specific,Feature-specific,nonzero,validation_business_cost,0.95,0.1,zz,2,linear,0.571773220747889,0.7392401447343363,823.0,117.0,238.0,0.0,supplementary_source/target_dataset_qsvc_experiments/taiwan/feature_specific_weighting/lambda_validation_c_tuned_sample10000_seed40.csv,0.7915,0.5230202578268877,0.6425339366515838,0.8337612323491655,0.5766497461928934,0.7381475845003747,0.7907051040026951,0.5687700330263201,1299,259,158,284,1049.0
taiwan,Taiwan Informative 10000,40,feature_specific,Feature-specific,nonzero,validation_balanced_accuracy,0.95,0.1,zz,2,linear,0.571773220747889,0.7392401447343363,823.0,117.0,238.0,0.0,supplementary_source/target_dataset_qsvc_experiments/taiwan/feature_specific_weighting/lambda_validation_c_tuned_sample10000_seed40.csv,0.7915,0.5230202578268877,0.6425339366515838,0.8337612323491655,0.5766497461928934,0.7381475845003747,0.7907051040026951,0.5687700330263201,1299,259,158,284,1049.0
taiwan,Taiwan Informative 10000,50,convex,Convex,all,validation_f1,0.65,0.1,zz,1,full,0.6310432569974554,0.7764462097922391,714.0,106.0,184.0,10.937,supplementary_source/target_dataset_qsvc_experiments/taiwan/convex/lambda_validation_c_tuned_sample10000_seed50.csv,0.7965,0.5322283609576427,0.6538461538461539,0.8369704749679076,0.5868020304568528,0.7454083144070307,0.8064637921921015,0.5483638083768182,1304,254,153,289,1019.0
taiwan,Taiwan Informative 10000,50,convex,Convex,all,validation_business_cost,0.65,0.1,zz,1,full,0.6310432569974554,0.7764462097922391,714.0,106.0,184.0,0.0,supplementary_source/target_dataset_qsvc_experiments/taiwan/convex/lambda_validation_c_tuned_sample10000_seed50.csv,0.7965,0.5322283609576427,0.6538461538461539,0.8369704749679076,0.5868020304568528,0.7454083144070307,0.8064637921921015,0.5483638083768182,1304,254,153,289,1019.0
taiwan,Taiwan Informative 10000,50,convex,Convex,all,validation_balanced_accuracy,0.65,0.1,zz,1,full,0.6310432569974554,0.7764462097922391,714.0,106.0,184.0,0.0,supplementary_source/target_dataset_qsvc_experiments/taiwan/convex/lambda_validation_c_tuned_sample10000_seed50.csv,0.7965,0.5322283609576427,0.6538461538461539,0.8369704749679076,0.5868020304568528,0.7454083144070307,0.8064637921921015,0.5483638083768182,1304,254,153,289,1019.0
taiwan,Taiwan Informative 10000,50,convex,Convex,nonzero,validation_f1,0.65,0.1,zz,1,full,0.6310432569974554,0.7764462097922391,714.0,106.0,184.0,0.0,supplementary_source/target_dataset_qsvc_experiments/taiwan/convex/lambda_validation_c_tuned_sample10000_seed50.csv,0.7965,0.5322283609576427,0.6538461538461539,0.8369704749679076,0.5868020304568528,0.7454083144070307,0.8064637921921015,0.5483638083768182,1304,254,153,289,1019.0
taiwan,Taiwan Informative 10000,50,convex,Convex,nonzero,validation_business_cost,0.65,0.1,zz,1,full,0.6310432569974554,0.7764462097922391,714.0,106.0,184.0,0.0,supplementary_source/target_dataset_qsvc_experiments/taiwan/convex/lambda_validation_c_tuned_sample10000_seed50.csv,0.7965,0.5322283609576427,0.6538461538461539,0.8369704749679076,0.5868020304568528,0.7454083144070307,0.8064637921921015,0.5483638083768182,1304,254,153,289,1019.0
taiwan,Taiwan Informative 10000,50,convex,Convex,nonzero,validation_balanced_accuracy,0.65,0.1,zz,1,full,0.6310432569974554,0.7764462097922391,714.0,106.0,184.0,0.0,supplementary_source/target_dataset_qsvc_experiments/taiwan/convex/lambda_validation_c_tuned_sample10000_seed50.csv,0.7965,0.5322283609576427,0.6538461538461539,0.8369704749679076,0.5868020304568528,0.7454083144070307,0.8064637921921015,0.5483638083768182,1304,254,153,289,1019.0
taiwan,Taiwan Informative 10000,50,feature_specific,Feature-specific,all,validation_f1,0.7,0.2,zz,2,linear,0.5989847715736041,0.7538790797217763,788.0,118.0,198.0,9.34,supplementary_source/target_dataset_qsvc_experiments/taiwan/feature_specific_weighting/lambda_validation_c_tuned_sample10000_seed50.csv,0.7815,0.5043782837127846,0.6515837104072398,0.8183568677792041,0.5686080947680158,0.7349702890932219,0.7823363867122834,0.5420813736888904,1275,283,154,288,1053.0
taiwan,Taiwan Informative 10000,50,feature_specific,Feature-specific,all,validation_business_cost,0.45,0.2,zz,2,linear,0.5987421383647799,0.7546975179330921,783.0,116.0,203.0,9.377,supplementary_source/target_dataset_qsvc_experiments/taiwan/feature_specific_weighting/lambda_validation_c_tuned_sample10000_seed50.csv,0.7825,0.5061946902654867,0.6470588235294118,0.8209242618741976,0.5680238331678252,0.7339915427018047,0.7809916995335707,0.5374142041501715,1279,279,156,286,1059.0
taiwan,Taiwan Informative 10000,50,feature_specific,Feature-specific,all,validation_balanced_accuracy,0.45,0.2,zz,2,linear,0.5987421383647799,0.7546975179330921,783.0,116.0,203.0,0.0,supplementary_source/target_dataset_qsvc_experiments/taiwan/feature_specific_weighting/lambda_validation_c_tuned_sample10000_seed50.csv,0.7825,0.5061946902654867,0.6470588235294118,0.8209242618741976,0.5680238331678252,0.7339915427018047,0.7809916995335707,0.5374142041501715,1279,279,156,286,1059.0
taiwan,Taiwan Informative 10000,50,feature_specific,Feature-specific,nonzero,validation_f1,0.7,0.2,zz,2,linear,0.5989847715736041,0.7538790797217763,788.0,118.0,198.0,0.0,supplementary_source/target_dataset_qsvc_experiments/taiwan/feature_specific_weighting/lambda_validation_c_tuned_sample10000_seed50.csv,0.7815,0.5043782837127846,0.6515837104072398,0.8183568677792041,0.5686080947680158,0.7349702890932219,0.7823363867122834,0.5420813736888904,1275,283,154,288,1053.0
taiwan,Taiwan Informative 10000,50,feature_specific,Feature-specific,nonzero,validation_business_cost,0.45,0.2,zz,2,linear,0.5987421383647799,0.7546975179330921,783.0,116.0,203.0,0.0,supplementary_source/target_dataset_qsvc_experiments/taiwan/feature_specific_weighting/lambda_validation_c_tuned_sample10000_seed50.csv,0.7825,0.5061946902654867,0.6470588235294118,0.8209242618741976,0.5680238331678252,0.7339915427018047,0.7809916995335707,0.5374142041501715,1279,279,156,286,1059.0
taiwan,Taiwan Informative 10000,50,feature_specific,Feature-specific,nonzero,validation_balanced_accuracy,0.45,0.2,zz,2,linear,0.5987421383647799,0.7546975179330921,783.0,116.0,203.0,0.0,supplementary_source/target_dataset_qsvc_experiments/taiwan/feature_specific_weighting/lambda_validation_c_tuned_sample10000_seed50.csv,0.7825,0.5061946902654867,0.6470588235294118,0.8209242618741976,0.5680238331678252,0.7339915427018047,0.7809916995335707,0.5374142041501715,1279,279,156,286,1059.0
give_me_some_credit,Give Me Some Credit Informative 10000,10,convex,Convex,all,validation_f1,0.95,1.0,zz,1,linear,0.3348214285714285,0.7613849052588091,426.0,32.0,266.0,5.694,supplementary_source/credit_benchmark_experiments/give_me_some_credit/selected_sample10000_informative_qsvc/lambda_validation_seed10.csv,0.8075,0.19759036144578312,0.6119402985074627,0.8215434083601286,0.2987249544626594,0.7167418534337957,0.7699184943449953,0.22784805511642503,1533,333,52,82,593.0
give_me_some_credit,Give Me Some Credit Informative 10000,10,convex,Convex,all,validation_business_cost,0.95,1.0,zz,1,linear,0.3348214285714285,0.7613849052588091,426.0,32.0,266.0,0.0,supplementary_source/credit_benchmark_experiments/give_me_some_credit/selected_sample10000_informative_qsvc/lambda_validation_seed10.csv,0.8075,0.19759036144578312,0.6119402985074627,0.8215434083601286,0.2987249544626594,0.7167418534337957,0.7699184943449953,0.22784805511642503,1533,333,52,82,593.0
give_me_some_credit,Give Me Some Credit Informative 10000,10,convex,Convex,all,validation_balanced_accuracy,0.95,1.0,zz,1,linear,0.3348214285714285,0.7613849052588091,426.0,32.0,266.0,0.0,supplementary_source/credit_benchmark_experiments/give_me_some_credit/selected_sample10000_informative_qsvc/lambda_validation_seed10.csv,0.8075,0.19759036144578312,0.6119402985074627,0.8215434083601286,0.2987249544626594,0.7167418534337957,0.7699184943449953,0.22784805511642503,1533,333,52,82,593.0
give_me_some_credit,Give Me Some Credit Informative 10000,10,convex,Convex,nonzero,validation_f1,0.95,1.0,zz,1,linear,0.3348214285714285,0.7613849052588091,426.0,32.0,266.0,0.0,supplementary_source/credit_benchmark_experiments/give_me_some_credit/selected_sample10000_informative_qsvc/lambda_validation_seed10.csv,0.8075,0.19759036144578312,0.6119402985074627,0.8215434083601286,0.2987249544626594,0.7167418534337957,0.7699184943449953,0.22784805511642503,1533,333,52,82,593.0
give_me_some_credit,Give Me Some Credit Informative 10000,10,convex,Convex,nonzero,validation_business_cost,0.95,1.0,zz,1,linear,0.3348214285714285,0.7613849052588091,426.0,32.0,266.0,0.0,supplementary_source/credit_benchmark_experiments/give_me_some_credit/selected_sample10000_informative_qsvc/lambda_validation_seed10.csv,0.8075,0.19759036144578312,0.6119402985074627,0.8215434083601286,0.2987249544626594,0.7167418534337957,0.7699184943449953,0.22784805511642503,1533,333,52,82,593.0
give_me_some_credit,Give Me Some Credit Informative 10000,10,convex,Convex,nonzero,validation_balanced_accuracy,0.95,1.0,zz,1,linear,0.3348214285714285,0.7613849052588091,426.0,32.0,266.0,0.0,supplementary_source/credit_benchmark_experiments/give_me_some_credit/selected_sample10000_informative_qsvc/lambda_validation_seed10.csv,0.8075,0.19759036144578312,0.6119402985074627,0.8215434083601286,0.2987249544626594,0.7167418534337957,0.7699184943449953,0.22784805511642503,1533,333,52,82,593.0
give_me_some_credit,Give Me Some Credit Informative 10000,10,feature_specific,Feature-specific,all,validation_f1,0.95,1.0,zz,1,linear,0.3185840707964602,0.7450219403947393,448.0,35.0,273.0,5.595,supplementary_source/credit_benchmark_experiments/give_me_some_credit/selected_sample10000_informative_qsvc/lambda_validation_seed10.csv,0.7985,0.19080459770114944,0.6194029850746269,0.8113612004287245,0.29173989455184535,0.7153820927516756,0.7780010718113612,0.24285350890251292,1514,352,51,83,607.0
give_me_some_credit,Give Me Some Credit Informative 10000,10,feature_specific,Feature-specific,all,validation_business_cost,0.95,1.0,zz,1,linear,0.3185840707964602,0.7450219403947393,448.0,35.0,273.0,0.0,supplementary_source/credit_benchmark_experiments/give_me_some_credit/selected_sample10000_informative_qsvc/lambda_validation_seed10.csv,0.7985,0.19080459770114944,0.6194029850746269,0.8113612004287245,0.29173989455184535,0.7153820927516756,0.7780010718113612,0.24285350890251292,1514,352,51,83,607.0
give_me_some_credit,Give Me Some Credit Informative 10000,10,feature_specific,Feature-specific,all,validation_balanced_accuracy,0.95,1.0,zz,1,linear,0.3185840707964602,0.7450219403947393,448.0,35.0,273.0,0.0,supplementary_source/credit_benchmark_experiments/give_me_some_credit/selected_sample10000_informative_qsvc/lambda_validation_seed10.csv,0.7985,0.19080459770114944,0.6194029850746269,0.8113612004287245,0.29173989455184535,0.7153820927516756,0.7780010718113612,0.24285350890251292,1514,352,51,83,607.0
give_me_some_credit,Give Me Some Credit Informative 10000,10,feature_specific,Feature-specific,nonzero,validation_f1,0.95,1.0,zz,1,linear,0.3185840707964602,0.7450219403947393,448.0,35.0,273.0,0.0,supplementary_source/credit_benchmark_experiments/give_me_some_credit/selected_sample10000_informative_qsvc/lambda_validation_seed10.csv,0.7985,0.19080459770114944,0.6194029850746269,0.8113612004287245,0.29173989455184535,0.7153820927516756,0.7780010718113612,0.24285350890251292,1514,352,51,83,607.0
give_me_some_credit,Give Me Some Credit Informative 10000,10,feature_specific,Feature-specific,nonzero,validation_business_cost,0.95,1.0,zz,1,linear,0.3185840707964602,0.7450219403947393,448.0,35.0,273.0,0.0,supplementary_source/credit_benchmark_experiments/give_me_some_credit/selected_sample10000_informative_qsvc/lambda_validation_seed10.csv,0.7985,0.19080459770114944,0.6194029850746269,0.8113612004287245,0.29173989455184535,0.7153820927516756,0.7780010718113612,0.24285350890251292,1514,352,51,83,607.0
give_me_some_credit,Give Me Some Credit Informative 10000,10,feature_specific,Feature-specific,nonzero,validation_balanced_accuracy,0.95,1.0,zz,1,linear,0.3185840707964602,0.7450219403947393,448.0,35.0,273.0,0.0,supplementary_source/credit_benchmark_experiments/give_me_some_credit/selected_sample10000_informative_qsvc/lambda_validation_seed10.csv,0.7985,0.19080459770114944,0.6194029850746269,0.8113612004287245,0.29173989455184535,0.7153820927516756,0.7780010718113612,0.24285350890251292,1514,352,51,83,607.0
give_me_some_credit,Give Me Some Credit Informative 10000,20,convex,Convex,all,validation_f1,0.95,1.0,zz,1,linear,0.3146551724137931,0.7460109795869823,454.0,34.0,284.0,5.682,supplementary_source/credit_benchmark_experiments/give_me_some_credit/selected_sample10000_informative_qsvc/lambda_validation_seed20.csv,0.8115,0.21939953810623555,0.7089552238805971,0.8188638799571275,0.3350970017636684,0.7639095519188623,0.802690726432148,0.2259801587902029,1528,338,39,95,533.0
give_me_some_credit,Give Me Some Credit Informative 10000,20,convex,Convex,all,validation_business_cost,0.85,1.0,zz,1,linear,0.314410480349345,0.7430125633016382,454.0,35.0,279.0,5.722,supplementary_source/credit_benchmark_experiments/give_me_some_credit/selected_sample10000_informative_qsvc/lambda_validation_seed20.csv,0.8125,0.22041763341067286,0.7089552238805971,0.819935691318328,0.336283185840708,0.7644454575994626,0.8029026891267136,0.22731655852897856,1530,336,39,95,531.0
give_me_some_credit,Give Me Some Credit Informative 10000,20,convex,Convex,all,validation_balanced_accuracy,0.95,1.0,zz,1,linear,0.3146551724137931,0.7460109795869823,454.0,34.0,284.0,0.0,supplementary_source/credit_benchmark_experiments/give_me_some_credit/selected_sample10000_informative_qsvc/lambda_validation_seed20.csv,0.8115,0.21939953810623555,0.7089552238805971,0.8188638799571275,0.3350970017636684,0.7639095519188623,0.802690726432148,0.2259801587902029,1528,338,39,95,533.0
give_me_some_credit,Give Me Some Credit Informative 10000,20,convex,Convex,nonzero,validation_f1,0.95,1.0,zz,1,linear,0.3146551724137931,0.7460109795869823,454.0,34.0,284.0,0.0,supplementary_source/credit_benchmark_experiments/give_me_some_credit/selected_sample10000_informative_qsvc/lambda_validation_seed20.csv,0.8115,0.21939953810623555,0.7089552238805971,0.8188638799571275,0.3350970017636684,0.7639095519188623,0.802690726432148,0.2259801587902029,1528,338,39,95,533.0
give_me_some_credit,Give Me Some Credit Informative 10000,20,convex,Convex,nonzero,validation_business_cost,0.85,1.0,zz,1,linear,0.314410480349345,0.7430125633016382,454.0,35.0,279.0,0.0,supplementary_source/credit_benchmark_experiments/give_me_some_credit/selected_sample10000_informative_qsvc/lambda_validation_seed20.csv,0.8125,0.22041763341067286,0.7089552238805971,0.819935691318328,0.336283185840708,0.7644454575994626,0.8029026891267136,0.22731655852897856,1530,336,39,95,531.0
give_me_some_credit,Give Me Some Credit Informative 10000,20,convex,Convex,nonzero,validation_balanced_accuracy,0.95,1.0,zz,1,linear,0.3146551724137931,0.7460109795869823,454.0,34.0,284.0,0.0,supplementary_source/credit_benchmark_experiments/give_me_some_credit/selected_sample10000_informative_qsvc/lambda_validation_seed20.csv,0.8115,0.21939953810623555,0.7089552238805971,0.8188638799571275,0.3350970017636684,0.7639095519188623,0.802690726432148,0.2259801587902029,1528,338,39,95,533.0
give_me_some_credit,Give Me Some Credit Informative 10000,20,feature_specific,Feature-specific,all,validation_f1,0.9,1.0,zz,1,linear,0.2892561983471074,0.7242896758079762,492.0,37.0,307.0,5.704,supplementary_source/credit_benchmark_experiments/give_me_some_credit/selected_sample10000_informative_qsvc/lambda_validation_seed20.csv,0.798,0.2077922077922078,0.7164179104477612,0.8038585209003215,0.3221476510067114,0.7601382156740413,0.8010870086864712,0.23566570347676033,1500,366,38,96,556.0
give_me_some_credit,Give Me Some Credit Informative 10000,20,feature_specific,Feature-specific,all,validation_business_cost,0.9,1.0,zz,1,linear,0.2892561983471074,0.7242896758079762,492.0,37.0,307.0,0.0,supplementary_source/credit_benchmark_experiments/give_me_some_credit/selected_sample10000_informative_qsvc/lambda_validation_seed20.csv,0.798,0.2077922077922078,0.7164179104477612,0.8038585209003215,0.3221476510067114,0.7601382156740413,0.8010870086864712,0.23566570347676033,1500,366,38,96,556.0
give_me_some_credit,Give Me Some Credit Informative 10000,20,feature_specific,Feature-specific,all,validation_balanced_accuracy,0.9,1.0,zz,1,linear,0.2892561983471074,0.7242896758079762,492.0,37.0,307.0,0.0,supplementary_source/credit_benchmark_experiments/give_me_some_credit/selected_sample10000_informative_qsvc/lambda_validation_seed20.csv,0.798,0.2077922077922078,0.7164179104477612,0.8038585209003215,0.3221476510067114,0.7601382156740413,0.8010870086864712,0.23566570347676033,1500,366,38,96,556.0
give_me_some_credit,Give Me Some Credit Informative 10000,20,feature_specific,Feature-specific,nonzero,validation_f1,0.9,1.0,zz,1,linear,0.2892561983471074,0.7242896758079762,492.0,37.0,307.0,0.0,supplementary_source/credit_benchmark_experiments/give_me_some_credit/selected_sample10000_informative_qsvc/lambda_validation_seed20.csv,0.798,0.2077922077922078,0.7164179104477612,0.8038585209003215,0.3221476510067114,0.7601382156740413,0.8010870086864712,0.23566570347676033,1500,366,38,96,556.0
give_me_some_credit,Give Me Some Credit Informative 10000,20,feature_specific,Feature-specific,nonzero,validation_business_cost,0.9,1.0,zz,1,linear,0.2892561983471074,0.7242896758079762,492.0,37.0,307.0,0.0,supplementary_source/credit_benchmark_experiments/give_me_some_credit/selected_sample10000_informative_qsvc/lambda_validation_seed20.csv,0.798,0.2077922077922078,0.7164179104477612,0.8038585209003215,0.3221476510067114,0.7601382156740413,0.8010870086864712,0.23566570347676033,1500,366,38,96,556.0
give_me_some_credit,Give Me Some Credit Informative 10000,20,feature_specific,Feature-specific,nonzero,validation_balanced_accuracy,0.9,1.0,zz,1,linear,0.2892561983471074,0.7242896758079762,492.0,37.0,307.0,0.0,supplementary_source/credit_benchmark_experiments/give_me_some_credit/selected_sample10000_informative_qsvc/lambda_validation_seed20.csv,0.798,0.2077922077922078,0.7164179104477612,0.8038585209003215,0.3221476510067114,0.7601382156740413,0.8010870086864712,0.23566570347676033,1500,366,38,96,556.0
give_me_some_credit,Give Me Some Credit Informative 10000,30,convex,Convex,all,validation_f1,0.45,1.0,zz,1,linear,0.3231850117096019,0.7383709648139918,441.0,38.0,251.0,5.722,supplementary_source/credit_benchmark_experiments/give_me_some_credit/selected_sample10000_informative_qsvc/lambda_validation_seed30.csv,0.7965,0.2,0.6791044776119403,0.804930332261522,0.3089983022071307,0.7420174049367312,0.8002011645950312,0.23324951456337997,1502,364,43,91,579.0
give_me_some_credit,Give Me Some Credit Informative 10000,30,convex,Convex,all,validation_business_cost,0.45,1.0,zz,1,linear,0.3231850117096019,0.7383709648139918,441.0,38.0,251.0,0.0,supplementary_source/credit_benchmark_experiments/give_me_some_credit/selected_sample10000_informative_qsvc/lambda_validation_seed30.csv,0.7965,0.2,0.6791044776119403,0.804930332261522,0.3089983022071307,0.7420174049367312,0.8002011645950312,0.23324951456337997,1502,364,43,91,579.0
give_me_some_credit,Give Me Some Credit Informative 10000,30,convex,Convex,all,validation_balanced_accuracy,0.0,1.0,zz,1,linear,0.3110151187904967,0.7413380823907205,459.0,35.0,284.0,5.642,supplementary_source/credit_benchmark_experiments/give_me_some_credit/selected_sample10000_informative_qsvc/lambda_validation_seed30.csv,0.7895,0.19661733615221988,0.6940298507462687,0.7963558413719185,0.30642504118616143,0.7451928460590935,0.7977735918478348,0.2478152964674442,1486,380,41,93,585.0
give_me_some_credit,Give Me Some Credit Informative 10000,30,convex,Convex,nonzero,validation_f1,0.45,1.0,zz,1,linear,0.3231850117096019,0.7383709648139918,441.0,38.0,251.0,0.0,supplementary_source/credit_benchmark_experiments/give_me_some_credit/selected_sample10000_informative_qsvc/lambda_validation_seed30.csv,0.7965,0.2,0.6791044776119403,0.804930332261522,0.3089983022071307,0.7420174049367312,0.8002011645950312,0.23324951456337997,1502,364,43,91,579.0
give_me_some_credit,Give Me Some Credit Informative 10000,30,convex,Convex,nonzero,validation_business_cost,0.45,1.0,zz,1,linear,0.3231850117096019,0.7383709648139918,441.0,38.0,251.0,0.0,supplementary_source/credit_benchmark_experiments/give_me_some_credit/selected_sample10000_informative_qsvc/lambda_validation_seed30.csv,0.7965,0.2,0.6791044776119403,0.804930332261522,0.3089983022071307,0.7420174049367312,0.8002011645950312,0.23324951456337997,1502,364,43,91,579.0
give_me_some_credit,Give Me Some Credit Informative 10000,30,convex,Convex,nonzero,validation_balanced_accuracy,0.35,1.0,zz,1,linear,0.3211009174311927,0.7403646925527853,444.0,37.0,259.0,5.622,supplementary_source/credit_benchmark_experiments/give_me_some_credit/selected_sample10000_informative_qsvc/lambda_validation_seed30.csv,0.792,0.19480519480519481,0.6716417910447762,0.8006430868167203,0.30201342281879195,0.7361424389307483,0.7996452624338117,0.2320378781948211,1494,372,44,90,592.0
give_me_some_credit,Give Me Some Credit Informative 10000,30,feature_specific,Feature-specific,all,validation_f1,0.1,1.0,zz,1,linear,0.3123644251626898,0.7420078747550876,457.0,35.0,282.0,5.669,supplementary_source/credit_benchmark_experiments/give_me_some_credit/selected_sample10000_informative_qsvc/lambda_validation_seed30.csv,0.789,0.19491525423728814,0.6865671641791045,0.7963558413719185,0.30363036303630364,0.7414615027755115,0.7976456143718706,0.2469377102083948,1486,380,42,92,590.0
give_me_some_credit,Give Me Some Credit Informative 10000,30,feature_specific,Feature-specific,all,validation_business_cost,0.1,1.0,zz,1,linear,0.3123644251626898,0.7420078747550876,457.0,35.0,282.0,0.0,supplementary_source/credit_benchmark_experiments/give_me_some_credit/selected_sample10000_informative_qsvc/lambda_validation_seed30.csv,0.789,0.19491525423728814,0.6865671641791045,0.7963558413719185,0.30363036303630364,0.7414615027755115,0.7976456143718706,0.2469377102083948,1486,380,42,92,590.0
give_me_some_credit,Give Me Some Credit Informative 10000,30,feature_specific,Feature-specific,all,validation_balanced_accuracy,0.1,1.0,zz,1,linear,0.3123644251626898,0.7420078747550876,457.0,35.0,282.0,0.0,supplementary_source/credit_benchmark_experiments/give_me_some_credit/selected_sample10000_informative_qsvc/lambda_validation_seed30.csv,0.789,0.19491525423728814,0.6865671641791045,0.7963558413719185,0.30363036303630364,0.7414615027755115,0.7976456143718706,0.2469377102083948,1486,380,42,92,590.0
give_me_some_credit,Give Me Some Credit Informative 10000,30,feature_specific,Feature-specific,nonzero,validation_f1,0.1,1.0,zz,1,linear,0.3123644251626898,0.7420078747550876,457.0,35.0,282.0,0.0,supplementary_source/credit_benchmark_experiments/give_me_some_credit/selected_sample10000_informative_qsvc/lambda_validation_seed30.csv,0.789,0.19491525423728814,0.6865671641791045,0.7963558413719185,0.30363036303630364,0.7414615027755115,0.7976456143718706,0.2469377102083948,1486,380,42,92,590.0
give_me_some_credit,Give Me Some Credit Informative 10000,30,feature_specific,Feature-specific,nonzero,validation_business_cost,0.1,1.0,zz,1,linear,0.3123644251626898,0.7420078747550876,457.0,35.0,282.0,0.0,supplementary_source/credit_benchmark_experiments/give_me_some_credit/selected_sample10000_informative_qsvc/lambda_validation_seed30.csv,0.789,0.19491525423728814,0.6865671641791045,0.7963558413719185,0.30363036303630364,0.7414615027755115,0.7976456143718706,0.2469377102083948,1486,380,42,92,590.0
give_me_some_credit,Give Me Some Credit Informative 10000,30,feature_specific,Feature-specific,nonzero,validation_balanced_accuracy,0.1,1.0,zz,1,linear,0.3123644251626898,0.7420078747550876,457.0,35.0,282.0,0.0,supplementary_source/credit_benchmark_experiments/give_me_some_credit/selected_sample10000_informative_qsvc/lambda_validation_seed30.csv,0.789,0.19491525423728814,0.6865671641791045,0.7963558413719185,0.30363036303630364,0.7414615027755115,0.7976456143718706,0.2469377102083948,1486,380,42,92,590.0
give_me_some_credit,Give Me Some Credit Informative 10000,40,convex,Convex,all,validation_f1,0.7,1.0,zz,1,linear,0.3244444444444444,0.7506995261375515,440.0,34.0,270.0,5.714,supplementary_source/credit_benchmark_experiments/give_me_some_credit/selected_sample10000_informative_qsvc/lambda_validation_seed40.csv,0.8235,0.21705426356589147,0.6268656716417911,0.837620578778135,0.32245681381957775,0.732243125209963,0.8077298395482395,0.23229789661377595,1563,303,50,84,553.0
give_me_some_credit,Give Me Some Credit Informative 10000,40,convex,Convex,all,validation_business_cost,0.7,1.0,zz,1,linear,0.3244444444444444,0.7506995261375515,440.0,34.0,270.0,0.0,supplementary_source/credit_benchmark_experiments/give_me_some_credit/selected_sample10000_informative_qsvc/lambda_validation_seed40.csv,0.8235,0.21705426356589147,0.6268656716417911,0.837620578778135,0.32245681381957775,0.732243125209963,0.8077298395482395,0.23229789661377595,1563,303,50,84,553.0
give_me_some_credit,Give Me Some Credit Informative 10000,40,convex,Convex,all,validation_balanced_accuracy,0.3,1.0,zz,1,linear,0.3239740820734341,0.7563614625260562,441.0,32.0,281.0,5.671,supplementary_source/credit_benchmark_experiments/give_me_some_credit/selected_sample10000_informative_qsvc/lambda_validation_seed40.csv,0.8215,0.21483375959079284,0.6268656716417911,0.8354769560557342,0.32,0.7311713138487627,0.8125769864503848,0.23446552612081506,1559,307,50,84,557.0
give_me_some_credit,Give Me Some Credit Informative 10000,40,convex,Convex,nonzero,validation_f1,0.7,1.0,zz,1,linear,0.3244444444444444,0.7506995261375515,440.0,34.0,270.0,0.0,supplementary_source/credit_benchmark_experiments/give_me_some_credit/selected_sample10000_informative_qsvc/lambda_validation_seed40.csv,0.8235,0.21705426356589147,0.6268656716417911,0.837620578778135,0.32245681381957775,0.732243125209963,0.8077298395482395,0.23229789661377595,1563,303,50,84,553.0
give_me_some_credit,Give Me Some Credit Informative 10000,40,convex,Convex,nonzero,validation_business_cost,0.7,1.0,zz,1,linear,0.3244444444444444,0.7506995261375515,440.0,34.0,270.0,0.0,supplementary_source/credit_benchmark_experiments/give_me_some_credit/selected_sample10000_informative_qsvc/lambda_validation_seed40.csv,0.8235,0.21705426356589147,0.6268656716417911,0.837620578778135,0.32245681381957775,0.732243125209963,0.8077298395482395,0.23229789661377595,1563,303,50,84,553.0
give_me_some_credit,Give Me Some Credit Informative 10000,40,convex,Convex,nonzero,validation_balanced_accuracy,0.3,1.0,zz,1,linear,0.3239740820734341,0.7563614625260562,441.0,32.0,281.0,0.0,supplementary_source/credit_benchmark_experiments/give_me_some_credit/selected_sample10000_informative_qsvc/lambda_validation_seed40.csv,0.8215,0.21483375959079284,0.6268656716417911,0.8354769560557342,0.32,0.7311713138487627,0.8125769864503848,0.23446552612081506,1559,307,50,84,557.0
give_me_some_credit,Give Me Some Credit Informative 10000,40,feature_specific,Feature-specific,all,validation_f1,1.0,1.0,zz,1,linear,0.3175965665236051,0.7503489806010604,450.0,33.0,285.0,5.696,supplementary_source/credit_benchmark_experiments/give_me_some_credit/selected_sample10000_informative_qsvc/lambda_validation_seed40.csv,0.8195,0.21119592875318066,0.6194029850746269,0.8338692390139335,0.31499051233396586,0.7266361120442801,0.8123050343139608,0.23331822472511776,1556,310,51,83,565.0
give_me_some_credit,Give Me Some Credit Informative 10000,40,feature_specific,Feature-specific,all,validation_business_cost,1.0,1.0,zz,1,linear,0.3175965665236051,0.7503489806010604,450.0,33.0,285.0,0.0,supplementary_source/credit_benchmark_experiments/give_me_some_credit/selected_sample10000_informative_qsvc/lambda_validation_seed40.csv,0.8195,0.21119592875318066,0.6194029850746269,0.8338692390139335,0.31499051233396586,0.7266361120442801,0.8123050343139608,0.23331822472511776,1556,310,51,83,565.0
give_me_some_credit,Give Me Some Credit Informative 10000,40,feature_specific,Feature-specific,all,validation_balanced_accuracy,0.0,1.0,zz,1,linear,0.3140495867768595,0.7543364360786473,456.0,31.0,301.0,5.683,supplementary_source/credit_benchmark_experiments/give_me_some_credit/selected_sample10000_informative_qsvc/lambda_validation_seed40.csv,0.8195,0.21553884711779447,0.6417910447761194,0.8322615219721329,0.3227016885553471,0.7370262833741261,0.8125369934891459,0.23596809468848065,1553,313,48,86,553.0
give_me_some_credit,Give Me Some Credit Informative 10000,40,feature_specific,Feature-specific,nonzero,validation_f1,1.0,1.0,zz,1,linear,0.3175965665236051,0.7503489806010604,450.0,33.0,285.0,0.0,supplementary_source/credit_benchmark_experiments/give_me_some_credit/selected_sample10000_informative_qsvc/lambda_validation_seed40.csv,0.8195,0.21119592875318066,0.6194029850746269,0.8338692390139335,0.31499051233396586,0.7266361120442801,0.8123050343139608,0.23331822472511776,1556,310,51,83,565.0
give_me_some_credit,Give Me Some Credit Informative 10000,40,feature_specific,Feature-specific,nonzero,validation_business_cost,1.0,1.0,zz,1,linear,0.3175965665236051,0.7503489806010604,450.0,33.0,285.0,0.0,supplementary_source/credit_benchmark_experiments/give_me_some_credit/selected_sample10000_informative_qsvc/lambda_validation_seed40.csv,0.8195,0.21119592875318066,0.6194029850746269,0.8338692390139335,0.31499051233396586,0.7266361120442801,0.8123050343139608,0.23331822472511776,1556,310,51,83,565.0
give_me_some_credit,Give Me Some Credit Informative 10000,40,feature_specific,Feature-specific,nonzero,validation_balanced_accuracy,0.35,1.0,zz,1,linear,0.3171247357293869,0.753012500704221,451.0,32.0,291.0,5.646,supplementary_source/credit_benchmark_experiments/give_me_some_credit/selected_sample10000_informative_qsvc/lambda_validation_seed40.csv,0.82,0.21464646464646464,0.6343283582089553,0.8333333333333334,0.32075471698113206,0.7338308457711443,0.8126009822271282,0.2374090124213649,1555,311,49,85,556.0
give_me_some_credit,Give Me Some Credit Informative 10000,50,convex,Convex,all,validation_f1,0.4,1.0,zz,1,linear,0.3243243243243243,0.7653567113820884,441.0,29.0,296.0,5.603,supplementary_source/credit_benchmark_experiments/give_me_some_credit/selected_sample10000_informative_qsvc/lambda_validation_seed50.csv,0.791,0.19264069264069264,0.664179104477612,0.80010718113612,0.2986577181208054,0.732143142806866,0.8035965670042072,0.23438481790002405,1493,373,45,89,598.0
give_me_some_credit,Give Me Some Credit Informative 10000,50,convex,Convex,all,validation_business_cost,0.4,1.0,zz,1,linear,0.3243243243243243,0.7653567113820884,441.0,29.0,296.0,0.0,supplementary_source/credit_benchmark_experiments/give_me_some_credit/selected_sample10000_informative_qsvc/lambda_validation_seed50.csv,0.791,0.19264069264069264,0.664179104477612,0.80010718113612,0.2986577181208054,0.732143142806866,0.8035965670042072,0.23438481790002405,1493,373,45,89,598.0
give_me_some_credit,Give Me Some Credit Informative 10000,50,convex,Convex,all,validation_balanced_accuracy,0.4,1.0,zz,1,linear,0.3243243243243243,0.7653567113820884,441.0,29.0,296.0,0.0,supplementary_source/credit_benchmark_experiments/give_me_some_credit/selected_sample10000_informative_qsvc/lambda_validation_seed50.csv,0.791,0.19264069264069264,0.664179104477612,0.80010718113612,0.2986577181208054,0.732143142806866,0.8035965670042072,0.23438481790002405,1493,373,45,89,598.0
give_me_some_credit,Give Me Some Credit Informative 10000,50,convex,Convex,nonzero,validation_f1,0.4,1.0,zz,1,linear,0.3243243243243243,0.7653567113820884,441.0,29.0,296.0,0.0,supplementary_source/credit_benchmark_experiments/give_me_some_credit/selected_sample10000_informative_qsvc/lambda_validation_seed50.csv,0.791,0.19264069264069264,0.664179104477612,0.80010718113612,0.2986577181208054,0.732143142806866,0.8035965670042072,0.23438481790002405,1493,373,45,89,598.0
give_me_some_credit,Give Me Some Credit Informative 10000,50,convex,Convex,nonzero,validation_business_cost,0.4,1.0,zz,1,linear,0.3243243243243243,0.7653567113820884,441.0,29.0,296.0,0.0,supplementary_source/credit_benchmark_experiments/give_me_some_credit/selected_sample10000_informative_qsvc/lambda_validation_seed50.csv,0.791,0.19264069264069264,0.664179104477612,0.80010718113612,0.2986577181208054,0.732143142806866,0.8035965670042072,0.23438481790002405,1493,373,45,89,598.0
give_me_some_credit,Give Me Some Credit Informative 10000,50,convex,Convex,nonzero,validation_balanced_accuracy,0.4,1.0,zz,1,linear,0.3243243243243243,0.7653567113820884,441.0,29.0,296.0,0.0,supplementary_source/credit_benchmark_experiments/give_me_some_credit/selected_sample10000_informative_qsvc/lambda_validation_seed50.csv,0.791,0.19264069264069264,0.664179104477612,0.80010718113612,0.2986577181208054,0.732143142806866,0.8035965670042072,0.23438481790002405,1493,373,45,89,598.0
give_me_some_credit,Give Me Some Credit Informative 10000,50,feature_specific,Feature-specific,all,validation_f1,0.45,1.0,zz,1,linear,0.3128712871287128,0.762326996388129,459.0,28.0,319.0,5.753,supplementary_source/credit_benchmark_experiments/give_me_some_credit/selected_sample10000_informative_qsvc/lambda_validation_seed50.csv,0.7815,0.188911704312115,0.6865671641791045,0.7883172561629154,0.2962962962962963,0.7374422101710099,0.801296971732975,0.22987631551752694,1471,395,42,92,605.0
give_me_some_credit,Give Me Some Credit Informative 10000,50,feature_specific,Feature-specific,all,validation_business_cost,0.45,1.0,zz,1,linear,0.3128712871287128,0.762326996388129,459.0,28.0,319.0,0.0,supplementary_source/credit_benchmark_experiments/give_me_some_credit/selected_sample10000_informative_qsvc/lambda_validation_seed50.csv,0.7815,0.188911704312115,0.6865671641791045,0.7883172561629154,0.2962962962962963,0.7374422101710099,0.801296971732975,0.22987631551752694,1471,395,42,92,605.0
give_me_some_credit,Give Me Some Credit Informative 10000,50,feature_specific,Feature-specific,all,validation_balanced_accuracy,0.45,1.0,zz,1,linear,0.3128712871287128,0.762326996388129,459.0,28.0,319.0,0.0,supplementary_source/credit_benchmark_experiments/give_me_some_credit/selected_sample10000_informative_qsvc/lambda_validation_seed50.csv,0.7815,0.188911704312115,0.6865671641791045,0.7883172561629154,0.2962962962962963,0.7374422101710099,0.801296971732975,0.22987631551752694,1471,395,42,92,605.0
give_me_some_credit,Give Me Some Credit Informative 10000,50,feature_specific,Feature-specific,nonzero,validation_f1,0.45,1.0,zz,1,linear,0.3128712871287128,0.762326996388129,459.0,28.0,319.0,0.0,supplementary_source/credit_benchmark_experiments/give_me_some_credit/selected_sample10000_informative_qsvc/lambda_validation_seed50.csv,0.7815,0.188911704312115,0.6865671641791045,0.7883172561629154,0.2962962962962963,0.7374422101710099,0.801296971732975,0.22987631551752694,1471,395,42,92,605.0
give_me_some_credit,Give Me Some Credit Informative 10000,50,feature_specific,Feature-specific,nonzero,validation_business_cost,0.45,1.0,zz,1,linear,0.3128712871287128,0.762326996388129,459.0,28.0,319.0,0.0,supplementary_source/credit_benchmark_experiments/give_me_some_credit/selected_sample10000_informative_qsvc/lambda_validation_seed50.csv,0.7815,0.188911704312115,0.6865671641791045,0.7883172561629154,0.2962962962962963,0.7374422101710099,0.801296971732975,0.22987631551752694,1471,395,42,92,605.0
give_me_some_credit,Give Me Some Credit Informative 10000,50,feature_specific,Feature-specific,nonzero,validation_balanced_accuracy,0.45,1.0,zz,1,linear,0.3128712871287128,0.762326996388129,459.0,28.0,319.0,0.0,supplementary_source/credit_benchmark_experiments/give_me_some_credit/selected_sample10000_informative_qsvc/lambda_validation_seed50.csv,0.7815,0.188911704312115,0.6865671641791045,0.7883172561629154,0.2962962962962963,0.7374422101710099,0.801296971732975,0.22987631551752694,1471,395,42,92,605.0
