dataset,dataset_label,model,F1_mean,F1_std,Recall_mean,Recall_std,Business Cost_mean,Business Cost_std
australian,Australian Full,Baseline QSVC,0.8078824468817816,0.020226090824649944,0.8077922077922078,0.03603749850782234,88.8,11.819475453673906
australian,Australian Full,Classical SVC on PCA features,0.8442168072436645,0.0195655810742693,0.8623376623376624,0.0570542406142565,66.8,19.227584351654787
australian,Australian Full,Convex,0.8252531724003374,0.02467230646882258,0.8571428571428573,0.06428243465332248,71.8,22.331591971912793
australian,Australian Full,Feature-specific,0.7986899296425694,0.01681142454930041,0.7948051948051947,0.03830618494481199,94.0,13.171939872319491
australian,Australian Full,Logistic Regression,0.8417022071204426,0.0277490874183292,0.8415584415584416,0.0645442786482554,73.0,22.869193252058544
australian,Australian Full,RBF-SVM,0.8442168072436645,0.0195655810742693,0.8623376623376624,0.0570542406142565,66.8,19.227584351654787
australian,Australian Full,Random Forest,0.8400144119892679,0.029664111082314,0.851948051948052,0.0726576661335031,70.4,25.36335939894398
australian,Australian Full,XGBoost,0.8352880567252307,0.039010351429637,0.8363636363636363,0.0743782912377992,75.6,27.171676429694212
fico_heloc,FICO HELOC Full,Baseline QSVC,0.7349003208211092,0.013104010771911796,0.7421245421245422,0.030527625042362862,1710.4,146.0729269919652
fico_heloc,FICO HELOC Full,Classical SVC on PCA features,0.7279578380455101,0.010328108607683,0.723992673992674,0.0312001054139594,1795.8,141.7980958969478
fico_heloc,FICO HELOC Full,Convex,0.728476004816865,0.011516090739299942,0.7254578754578755,0.0327206400865456,1789.0,148.93958506723456
fico_heloc,FICO HELOC Full,Feature-specific,0.7341450834840229,0.012494414460537787,0.73992673992674,0.028806152857190157,1720.6,138.1024981671222
fico_heloc,FICO HELOC Full,Logistic Regression,0.7168820970547394,0.0038346510820963,0.6884615384615385,0.0063246507874842,1954.6,31.690692639953458
fico_heloc,FICO HELOC Full,RBF-SVM,0.7279578380455101,0.010328108607683,0.723992673992674,0.0312001054139594,1795.8,141.7980958969478
fico_heloc,FICO HELOC Full,Random Forest,0.7364453216695147,0.0072249466402383,0.7710622710622711,0.0109890109890109,1602.6,60.62012867026925
fico_heloc,FICO HELOC Full,XGBoost,0.7356412637820393,0.0072465002582089,0.7516483516483516,0.0131339242595657,1674.6,68.59883380932945
german_numeric,German Numeric Full,Baseline QSVC,0.4530011305442939,0.1355407613414084,0.5133333333333334,0.23990738953928778,184.8,56.76002114164511
german_numeric,German Numeric Full,Classical SVC on PCA features,0.5897853750752609,0.0247217333305521,0.72,0.0273861278752582,127.4,9.396807968666806
german_numeric,German Numeric Full,Convex,0.5227587118763589,0.0472792834917368,0.6733333333333333,0.16691647944739044,150.6,32.76888768328886
german_numeric,German Numeric Full,Feature-specific,0.5303073786469817,0.02193309399350167,0.6933333333333334,0.13824294235551812,147.0,22.39419567655869
german_numeric,German Numeric Full,Logistic Regression,0.5949323036708007,0.0486034595668112,0.7100000000000001,0.0450308536203543,127.8,18.86001060445089
german_numeric,German Numeric Full,RBF-SVM,0.5897853750752609,0.0247217333305521,0.72,0.0273861278752582,127.4,9.396807968666806
german_numeric,German Numeric Full,Random Forest,0.4531503177721468,0.0272149412339226,0.37,0.0247206616236522,204.8,7.949842765740716
german_numeric,German Numeric Full,XGBoost,0.5827536512729251,0.03089702480176,0.6599999999999999,0.0345607355888795,138.4,11.802542099056456
give_me_some_credit,"Give Me Some Credit 10,000 Subset",Baseline QSVC,0.3081812793001494,0.014787652262879206,0.6716417910447762,0.039839844223997424,580.6,26.651453994106966
give_me_some_credit,Give Me Some Credit Informative 10000,Classical SVC on PCA features,0.3169213519493816,0.0126955074721026,0.7119402985074628,0.0417510469573115,566.0,22.561028345356956
give_me_some_credit,"Give Me Some Credit 10,000 Subset",Convex,0.3126783308186001,0.015956852809802705,0.6582089552238806,0.03927670855803215,571.4,27.790286072654958
give_me_some_credit,"Give Me Some Credit 10,000 Subset",Feature-specific,0.30576094344502447,0.012692693342833466,0.6656716417910447,0.04396022828365115,584.6,23.179732526498228
give_me_some_credit,Give Me Some Credit Informative 10000,Logistic Regression,0.2669391985613884,0.0176928001593908,0.5492537313432836,0.0282204035838642,646.4,31.78521668952408
give_me_some_credit,Give Me Some Credit Informative 10000,RBF-SVM,0.3169213519493816,0.0126955074721026,0.7119402985074628,0.0417510469573115,566.0,22.561028345356956
give_me_some_credit,Give Me Some Credit Informative 10000,Random Forest,0.2544556984793378,0.054687649024752,0.1671641791044776,0.047080030733097,576.0,27.919527216627433
give_me_some_credit,Give Me Some Credit Informative 10000,XGBoost,0.3406975042818223,0.0162358659110816,0.6417910447761195,0.0369384139425808,525.2,23.424346308915432
south_german,South German Full,Baseline QSVC,0.5188064808213618,0.06848403342084518,0.5800000000000001,0.10096754153907304,165.0,30.306764921383476
south_german,South German Full,Classical SVC on PCA features,0.5918806641939962,0.0473455097845558,0.71,0.053489355119604,128.4,19.882152800941853
south_german,South German Full,Convex,0.5453889530744077,0.05011606995980573,0.6799999999999999,0.12549900398011132,144.4,28.588459209967926
south_german,South German Full,Feature-specific,0.5380298408837482,0.06621319474923511,0.6366666666666667,0.10501322668015575,152.6,30.770115371899404
south_german,South German Full,Logistic Regression,0.5961403152810419,0.0315229211910693,0.7066666666666667,0.0252762514801718,128.0,11.067971810589327
south_german,South German Full,RBF-SVM,0.5918806641939962,0.0473455097845558,0.71,0.053489355119604,128.4,19.882152800941853
south_german,South German Full,Random Forest,0.4515884253708994,0.0621277007502235,0.36,0.0450308536203543,206.4,17.472836060582726
south_german,South German Full,XGBoost,0.5366481174409563,0.0491479375666204,0.5866666666666667,0.0593950989373515,160.0,19.8997487421324
taiwan,"Taiwan 10,000 Subset",Baseline QSVC,0.6062038183934761,0.015961970077229454,0.6656108597285068,0.029817940230527792,973.2,59.49117581625026
taiwan,Taiwan Informative 10000,Classical SVC on PCA features,0.5933682372958282,0.0142625473743581,0.6538461538461539,0.0261407692495279,1008.0,50.90677754484171
taiwan,"Taiwan 10,000 Subset",Convex,0.6090813941745437,0.021128103058457862,0.6615384615384615,0.025173178363259982,973.8,61.55241668691815
taiwan,"Taiwan 10,000 Subset",Feature-specific,0.5913815846035301,0.020096826551032655,0.6583710407239819,0.030647550190371197,1006.2,64.28607936404272
taiwan,Taiwan Informative 10000,Logistic Regression,0.5662193787380259,0.0117373650265068,0.6728506787330317,0.0222595002285047,1034.0,43.53734029542916
taiwan,Taiwan Informative 10000,RBF-SVM,0.5933682372958282,0.0142625473743581,0.6538461538461539,0.0261407692495279,1008.0,50.90677754484171
taiwan,Taiwan Informative 10000,Random Forest,0.5483057750232839,0.0297069581538971,0.4669683257918552,0.0417357964096916,1281.4,84.5062127893565
taiwan,Taiwan Informative 10000,XGBoost,0.6133038845996805,0.0121659460439009,0.6733031674208145,0.0206490573920446,952.8,42.487645263064415
