dataset_name,dataset,experiment,sample_size,seed,selected_lambda,Accuracy,Precision,Recall,Specificity,F1,Balanced Accuracy,ROC-AUC,PR-AUC,FN,FP,Business Cost,dataset_label,model,risk_model,qsvc_shape,lambda_transform,lambda,C,effective_lambda,inner_validation_f1,test_f1,test_precision,test_recall,test_specificity,test_balanced_accuracy,test_roc_auc,test_pr_auc,business_cost,lambda_selection_note,display_name,subset_strategy,feature_map,reps,entanglement,runtime_seconds,TN,TP,baseline_cost,cost_reduction_pct
german_numeric,german_numeric,baseline,full,10,0.0,0.73,0.5416666666666666,0.65,0.7642857142857142,0.5909090909090909,0.7071428571428571,0.7504761904761904,0.5368527052614304,21.0,33.0,138.0,German Numeric Full,Baseline QSVC,,,,,,,,,,,,,,,,,,,,,,,,,,
german_numeric,german_numeric,baseline,full,20,0.0,0.645,0.4455445544554455,0.75,0.6,0.5590062111801242,0.675,0.7334523809523809,0.5396896581811167,15.0,56.0,131.0,German Numeric Full,Baseline QSVC,,,,,,,,,,,,,,,,,,,,,,,,,,
german_numeric,german_numeric,baseline,full,30,0.0,0.64,0.38,0.3166666666666666,0.7785714285714286,0.3454545454545454,0.5476190476190477,0.6847619047619048,0.4092369755926928,41.0,31.0,236.0,German Numeric Full,Baseline QSVC,,,,,,,,,,,,,,,,,,,,,,,,,,
german_numeric,german_numeric,baseline,full,40,0.0,0.595,0.3939393939393939,0.65,0.5714285714285714,0.490566037735849,0.6107142857142858,0.6567857142857142,0.3903697862588004,21.0,60.0,165.0,German Numeric Full,Baseline QSVC,,,,,,,,,,,,,,,,,,,,,,,,,,
german_numeric,german_numeric,baseline,full,50,0.0,0.69,0.4615384615384615,0.2,0.9,0.2790697674418604,0.55,0.7232142857142856,0.4706652429139884,48.0,14.0,254.0,German Numeric Full,Baseline QSVC,,,,,,,,,,,,,,,,,,,,,,,,,,
german_numeric,german_numeric,convex,full,10,0.65,0.69,0.4868421052631579,0.6166666666666667,0.7214285714285714,0.5441176470588235,0.6690476190476191,0.7267857142857143,0.5348607629130299,23.0,39.0,154.0,German Numeric Full,Convex,xgboost,zz_reps1_full_C0.5000,identity,0.65,0.5,0.65,0.5565217391304348,0.5441176470588235,0.4868421052631579,0.6166666666666667,0.7214285714285714,0.6690476190476191,0.7267857142857143,0.5348607629130299,154.0,Lambda was selected using inner validation within the training set. The held-out test set was used only once for final evaluation and was not involved in lambda selection.,,,,,,,,,,
german_numeric,german_numeric,convex,full,20,0.45,0.63,0.4363636363636363,0.8,0.5571428571428572,0.5647058823529412,0.6785714285714286,0.7440476190476191,0.5344616573629722,12.0,62.0,122.0,German Numeric Full,Convex,xgboost,zz_reps1_full_C0.3000,identity,0.45,0.3,0.45,0.5454545454545454,0.5647058823529412,0.4363636363636363,0.8,0.5571428571428572,0.6785714285714286,0.7440476190476191,0.5344616573629722,122.0,Lambda was selected using inner validation within the training set. The held-out test set was used only once for final evaluation and was not involved in lambda selection.,,,,,,,,,,
german_numeric,german_numeric,convex,full,30,0.5,0.69,0.4807692307692308,0.4166666666666667,0.8071428571428572,0.4464285714285714,0.611904761904762,0.7116666666666667,0.4644026863395432,35.0,27.0,202.0,German Numeric Full,Convex,xgboost,zz_reps1_full_C1.0000,identity,0.5,1.0,0.5,0.6046511627906976,0.4464285714285714,0.4807692307692308,0.4166666666666667,0.8071428571428572,0.611904761904762,0.7116666666666667,0.4644026863395432,202.0,Lambda was selected using inner validation within the training set. The held-out test set was used only once for final evaluation and was not involved in lambda selection.,,,,,,,,,,
german_numeric,german_numeric,convex,full,40,0.5,0.595,0.4,0.7,0.55,0.509090909090909,0.625,0.6439285714285714,0.387870302363463,18.0,63.0,153.0,German Numeric Full,Convex,xgboost,zz_reps1_full_C0.3000,identity,0.5,0.3,0.5,0.583941605839416,0.509090909090909,0.4,0.7,0.55,0.625,0.6439285714285714,0.387870302363463,153.0,Lambda was selected using inner validation within the training set. The held-out test set was used only once for final evaluation and was not involved in lambda selection.,,,,,,,,,,
german_numeric,german_numeric,convex,full,50,0.8,0.59,0.4098360655737705,0.8333333333333334,0.4857142857142857,0.5494505494505495,0.6595238095238095,0.7158333333333333,0.4892283400674367,10.0,72.0,122.0,German Numeric Full,Convex,xgboost,zz_reps1_full_C0.1000,identity,0.8,0.1,0.8,0.6292134831460674,0.5494505494505495,0.4098360655737705,0.8333333333333334,0.4857142857142857,0.6595238095238095,0.7158333333333333,0.4892283400674367,122.0,Lambda was selected using inner validation within the training set. The held-out test set was used only once for final evaluation and was not involved in lambda selection.,,,,,,,,,,
german_numeric,german_numeric,feature_specific,full,10,0.8,0.66,0.4555555555555555,0.6833333333333333,0.65,0.5466666666666666,0.6666666666666667,0.7288095238095238,0.5274609481861517,19.0,49.0,144.0,German Numeric Full,Feature-specific,logistic_regression,zz_reps1_full_C0.3000,identity,0.8,0.3,0.8,0.5633802816901409,0.5466666666666666,0.4555555555555555,0.6833333333333333,0.65,0.6666666666666667,0.7288095238095238,0.5274609481861517,144.0,Lambda was selected using inner validation within the training set. The held-out test set was used only once for final evaluation and was not involved in lambda selection.,,,,,,,,,,
german_numeric,german_numeric,feature_specific,full,20,1.0,0.54,0.3769230769230769,0.8166666666666667,0.4214285714285714,0.5157894736842106,0.6190476190476191,0.7279761904761903,0.5207449863170066,11.0,81.0,136.0,German Numeric Full,Feature-specific,logistic_regression,zz_reps1_full_C0.2000,identity,1.0,0.2,1.0,0.5542168674698795,0.5157894736842106,0.3769230769230769,0.8166666666666667,0.4214285714285714,0.6190476190476191,0.7279761904761903,0.5207449863170066,136.0,Lambda was selected using inner validation within the training set. The held-out test set was used only once for final evaluation and was not involved in lambda selection.,,,,,,,,,,
german_numeric,german_numeric,feature_specific,full,30,0.0,0.665,0.4533333333333333,0.5666666666666667,0.7071428571428572,0.5037037037037037,0.6369047619047619,0.6944047619047619,0.4160039738904076,26.0,41.0,171.0,German Numeric Full,Feature-specific,logistic_regression,zz_reps1_full_C0.5000,identity,0.0,0.5,0.0,0.5619834710743802,0.5037037037037037,0.4533333333333333,0.5666666666666667,0.7071428571428572,0.6369047619047619,0.6944047619047619,0.4160039738904076,171.0,Lambda was selected using inner validation within the training set. The held-out test set was used only once for final evaluation and was not involved in lambda selection.,,,,,,,,,,
german_numeric,german_numeric,feature_specific,full,40,0.25,0.595,0.4146341463414634,0.85,0.4857142857142857,0.5573770491803278,0.6678571428571428,0.6569047619047619,0.3909126357628076,9.0,72.0,117.0,German Numeric Full,Feature-specific,logistic_regression,zz_reps1_full_C0.1500,identity,0.25,0.15,0.25,0.5751633986928104,0.5573770491803278,0.4146341463414634,0.85,0.4857142857142857,0.6678571428571428,0.6569047619047619,0.3909126357628076,117.0,Lambda was selected using inner validation within the training set. The held-out test set was used only once for final evaluation and was not involved in lambda selection.,,,,,,,,,,
german_numeric,german_numeric,feature_specific,full,50,0.7,0.705,0.5076923076923077,0.55,0.7714285714285715,0.528,0.6607142857142858,0.7288095238095238,0.4651972254083526,27.0,32.0,167.0,German Numeric Full,Feature-specific,logistic_regression,zz_reps1_full_C0.5000,identity,0.7,0.5,0.7,0.6019417475728155,0.528,0.5076923076923077,0.55,0.7714285714285715,0.6607142857142858,0.7288095238095238,0.4651972254083526,167.0,Lambda was selected using inner validation within the training set. The held-out test set was used only once for final evaluation and was not involved in lambda selection.,,,,,,,,,,
south_german,south_german,baseline,full,10,0.0,0.72,0.5333333333333333,0.5333333333333333,0.8,0.5333333333333333,0.6666666666666667,0.704642857142857,0.5555929570894781,28.0,28.0,168.0,South German Full,Baseline QSVC,,,,,,,,,,,,,,,,,,,,,,,,,,
south_german,south_german,baseline,full,20,0.0,0.735,0.5432098765432098,0.7333333333333333,0.7357142857142858,0.624113475177305,0.7345238095238096,0.7755952380952381,0.6334244477663287,16.0,37.0,117.0,South German Full,Baseline QSVC,,,,,,,,,,,,,,,,,,,,,,,,,,
south_german,south_german,baseline,full,30,0.0,0.65,0.4404761904761904,0.6166666666666667,0.6642857142857143,0.5138888888888888,0.6404761904761904,0.7278571428571429,0.5789144616719143,23.0,47.0,162.0,South German Full,Baseline QSVC,,,,,,,,,,,,,,,,,,,,,,,,,,
south_german,south_german,baseline,full,40,0.0,0.645,0.417910447761194,0.4666666666666667,0.7214285714285714,0.4409448818897638,0.594047619047619,0.6889285714285713,0.4662604825944959,32.0,39.0,199.0,South German Full,Baseline QSVC,,,,,,,,,,,,,,,,,,,,,,,,,,
south_german,south_german,baseline,full,50,0.0,0.645,0.4285714285714285,0.55,0.6857142857142857,0.4817518248175182,0.6178571428571429,0.6896428571428571,0.5384241964174256,27.0,44.0,179.0,South German Full,Baseline QSVC,,,,,,,,,,,,,,,,,,,,,,,,,,
south_german,south_german,convex,full,10,0.4,0.72,0.532258064516129,0.55,0.7928571428571428,0.5409836065573771,0.6714285714285715,0.7241666666666667,0.5692593382540236,27.0,29.0,164.0,South German Full,Convex,logistic_regression,zz_reps1_full_C0.5000,identity,0.4,0.5,0.4,0.5871559633027523,0.5409836065573771,0.532258064516129,0.55,0.7928571428571428,0.6714285714285715,0.7241666666666667,0.5692593382540236,164.0,Lambda was selected using inner validation within the training set. The held-out test set was used only once for final evaluation and was not involved in lambda selection.,,,,,,,,,,
south_german,south_german,convex,full,20,0.95,0.705,0.5052631578947369,0.8,0.6642857142857143,0.6193548387096774,0.7321428571428572,0.8108333333333333,0.6880425172115078,12.0,47.0,107.0,South German Full,Convex,logistic_regression,zz_reps1_full_C0.3000,identity,0.95,0.3,0.95,0.5,0.6193548387096774,0.5052631578947369,0.8,0.6642857142857143,0.7321428571428572,0.8108333333333333,0.6880425172115078,107.0,Lambda was selected using inner validation within the training set. The held-out test set was used only once for final evaluation and was not involved in lambda selection.,,,,,,,,,,
south_german,south_german,convex,full,30,0.55,0.655,0.4516129032258064,0.7,0.6357142857142857,0.5490196078431373,0.6678571428571428,0.7379761904761905,0.582792610418464,18.0,51.0,141.0,South German Full,Convex,logistic_regression,zz_reps1_full_C0.3000,identity,0.55,0.3,0.55,0.5606060606060606,0.5490196078431373,0.4516129032258064,0.7,0.6357142857142857,0.6678571428571428,0.7379761904761905,0.582792610418464,141.0,Lambda was selected using inner validation within the training set. The held-out test set was used only once for final evaluation and was not involved in lambda selection.,,,,,,,,,,
south_german,south_german,convex,full,40,0.85,0.59,0.4067796610169492,0.8,0.5,0.5393258426966292,0.65,0.7102380952380952,0.459197015764817,12.0,70.0,130.0,South German Full,Convex,logistic_regression,zz_reps1_full_C0.2000,identity,0.85,0.2,0.85,0.6165413533834586,0.5393258426966292,0.4067796610169492,0.8,0.5,0.65,0.7102380952380952,0.459197015764817,130.0,Lambda was selected using inner validation within the training set. The held-out test set was used only once for final evaluation and was not involved in lambda selection.,,,,,,,,,,
south_german,south_german,convex,full,50,0.05,0.64,0.4230769230769231,0.55,0.6785714285714286,0.4782608695652174,0.6142857142857143,0.6846428571428571,0.5328351693022003,27.0,45.0,180.0,South German Full,Convex,logistic_regression,zz_reps1_full_C0.5000,identity,0.05,0.5,0.05,0.5420560747663551,0.4782608695652174,0.4230769230769231,0.55,0.6785714285714286,0.6142857142857143,0.6846428571428571,0.5328351693022003,180.0,Lambda was selected using inner validation within the training set. The held-out test set was used only once for final evaluation and was not involved in lambda selection.,,,,,,,,,,
south_german,south_german,feature_specific,full,10,0.65,0.715,0.5238095238095238,0.55,0.7857142857142857,0.5365853658536586,0.6678571428571429,0.7169047619047618,0.5683697568069898,27.0,30.0,165.0,South German Full,Feature-specific,logistic_regression,zz_reps1_full_C0.5000,identity,0.65,0.5,0.65,0.5555555555555556,0.5365853658536586,0.5238095238095238,0.55,0.7857142857142857,0.6678571428571429,0.7169047619047618,0.5683697568069898,165.0,Lambda was selected using inner validation within the training set. The held-out test set was used only once for final evaluation and was not involved in lambda selection.,,,,,,,,,,
south_german,south_german,feature_specific,full,20,0.9,0.74,0.5476190476190477,0.7666666666666667,0.7285714285714285,0.6388888888888888,0.7476190476190476,0.7876190476190476,0.6413877216840441,14.0,38.0,108.0,South German Full,Feature-specific,logistic_regression,zz_reps1_full_C0.3000,identity,0.9,0.3,0.9,0.4684684684684684,0.6388888888888888,0.5476190476190477,0.7666666666666667,0.7285714285714285,0.7476190476190476,0.7876190476190476,0.6413877216840441,108.0,Lambda was selected using inner validation within the training set. The held-out test set was used only once for final evaluation and was not involved in lambda selection.,,,,,,,,,,
south_german,south_german,feature_specific,full,30,0.95,0.65,0.4489795918367347,0.7333333333333333,0.6142857142857143,0.5569620253164557,0.6738095238095239,0.7255952380952381,0.5767527917794459,16.0,54.0,134.0,South German Full,Feature-specific,logistic_regression,zz_reps1_full_C0.2000,identity,0.95,0.2,0.95,0.5263157894736842,0.5569620253164557,0.4489795918367347,0.7333333333333333,0.6142857142857143,0.6738095238095239,0.7255952380952381,0.5767527917794459,134.0,Lambda was selected using inner validation within the training set. The held-out test set was used only once for final evaluation and was not involved in lambda selection.,,,,,,,,,,
south_german,south_german,feature_specific,full,40,0.95,0.62,0.4069767441860465,0.5833333333333334,0.6357142857142857,0.4794520547945205,0.6095238095238096,0.6961904761904762,0.4659344755027907,25.0,51.0,176.0,South German Full,Feature-specific,logistic_regression,zz_reps1_full_C0.2000,identity,0.95,0.2,0.95,0.5393258426966292,0.4794520547945205,0.4069767441860465,0.5833333333333334,0.6357142857142857,0.6095238095238096,0.6961904761904762,0.4659344755027907,176.0,Lambda was selected using inner validation within the training set. The held-out test set was used only once for final evaluation and was not involved in lambda selection.,,,,,,,,,,
south_german,south_german,feature_specific,full,50,0.2,0.64,0.4230769230769231,0.55,0.6785714285714286,0.4782608695652174,0.6142857142857143,0.6863095238095238,0.5344921052492033,27.0,45.0,180.0,South German Full,Feature-specific,logistic_regression,zz_reps1_full_C0.5000,identity,0.2,0.5,0.2,0.5471698113207547,0.4782608695652174,0.4230769230769231,0.55,0.6785714285714286,0.6142857142857143,0.6863095238095238,0.5344921052492033,180.0,Lambda was selected using inner validation within the training set. The held-out test set was used only once for final evaluation and was not involved in lambda selection.,,,,,,,,,,
taiwan,taiwan,baseline,10000,10,0.0,0.8165,0.5742574257425742,0.6561085972850679,0.862002567394095,0.6124604012671595,0.7590555823395815,0.8229921177516133,0.5685717266485555,152.0,215.0,975.0,"Taiwan 10,000 Subset",Baseline QSVC,,,,,,,,,,,,,,,,,,,,,,,,,,
taiwan,taiwan,baseline,10000,20,0.0,0.8075,0.555992141453831,0.6402714932126696,0.8549422336328626,0.5951629863301787,0.7476068634227662,0.8067063005709838,0.5502431117017282,159.0,226.0,1021.0,"Taiwan 10,000 Subset",Baseline QSVC,,,,,,,,,,,,,,,,,,,,,,,,,,
taiwan,taiwan,baseline,10000,30,0.0,0.8145,0.5630550621669627,0.7171945701357466,0.8421052631578947,0.6308457711442786,0.7796499166468207,0.8335129153863579,0.5759215824528147,125.0,246.0,871.0,"Taiwan 10,000 Subset",Baseline QSVC,,,,,,,,,,,,,,,,,,,,,,,,,,
taiwan,taiwan,baseline,10000,40,0.0,0.8085,0.5568400770712909,0.6538461538461539,0.8523748395378691,0.6014568158168574,0.7531104966920115,0.8199731062564258,0.5801385877115057,153.0,230.0,995.0,"Taiwan 10,000 Subset",Baseline QSVC,,,,,,,,,,,,,,,,,,,,,,,,,,
taiwan,taiwan,baseline,10000,50,0.0,0.798,0.5347985347985348,0.6606334841628959,0.8369704749679076,0.5910931174089069,0.7488019795654017,0.8107839264865618,0.5578232031436886,150.0,254.0,1004.0,"Taiwan 10,000 Subset",Baseline QSVC,,,,,,,,,,,,,,,,,,,,,,,,,,
taiwan,taiwan,convex,10000,10,0.8,0.822,0.5866935483870968,0.6583710407239819,0.868421052631579,0.6204690831556503,0.7633960466777805,0.8164342264999216,0.5740969189885154,151.0,205.0,960.0,"Taiwan 10,000 Subset",Convex,logistic_regression,zz_reps1_full_C0.7500,identity,0.8,0.75,0.8,0.614596670934699,0.6204690831556503,0.5866935483870968,0.6583710407239819,0.868421052631579,0.7633960466777805,0.8164342264999216,0.5740969189885154,960.0,Lambda was selected using inner validation within the training set. The held-out test set was used only once for final evaluation and was not involved in lambda selection.,,,,,,,,,,
taiwan,taiwan,convex,10000,20,1.0,0.8065,0.5542406311637081,0.6357466063348416,0.8549422336328626,0.5922023182297155,0.7453444199838521,0.8015744166729593,0.5208670781090028,161.0,226.0,1031.0,"Taiwan 10,000 Subset",Convex,logistic_regression,zz_reps1_full_C0.1500,identity,1.0,0.15,1.0,0.6120805369127517,0.5922023182297155,0.5542406311637081,0.6357466063348416,0.8549422336328626,0.7453444199838521,0.8015744166729593,0.5208670781090028,1031.0,Lambda was selected using inner validation within the training set. The held-out test set was used only once for final evaluation and was not involved in lambda selection.,,,,,,,,,,
taiwan,taiwan,convex,10000,30,1.0,0.824,0.5845864661654135,0.7036199095022625,0.8581514762516046,0.6386036960985626,0.7808856928769335,0.8286366091810478,0.5816209359418756,131.0,221.0,876.0,"Taiwan 10,000 Subset",Convex,logistic_regression,zz_reps1_full_C0.7500,identity,1.0,0.75,1.0,0.6718954248366014,0.6386036960985626,0.5845864661654135,0.7036199095022625,0.8581514762516046,0.7808856928769335,0.8286366091810478,0.5816209359418756,876.0,Lambda was selected using inner validation within the training set. The held-out test set was used only once for final evaluation and was not involved in lambda selection.,,,,,,,,,,
taiwan,taiwan,convex,10000,40,0.3,0.8125,0.5653021442495126,0.6561085972850679,0.8568677792041078,0.6073298429319371,0.7564881882445879,0.817655481270221,0.5716811803789843,152.0,223.0,983.0,"Taiwan 10,000 Subset",Convex,logistic_regression,zz_reps1_full_C0.3000,identity,0.3,0.3,0.3,0.621656050955414,0.6073298429319371,0.5653021442495126,0.6561085972850679,0.8568677792041078,0.7564881882445879,0.817655481270221,0.5716811803789843,983.0,Lambda was selected using inner validation within the training set. The held-out test set was used only once for final evaluation and was not involved in lambda selection.,,,,,,,,,,
taiwan,taiwan,convex,10000,50,0.65,0.7965,0.5322283609576427,0.6538461538461539,0.8369704749679076,0.5868020304568528,0.7454083144070307,0.806488478673784,0.5483709614279886,153.0,254.0,1019.0,"Taiwan 10,000 Subset",Convex,logistic_regression,zz_reps1_full_C0.1000,identity,0.65,0.1,0.65,0.6310432569974554,0.5868020304568528,0.5322283609576427,0.6538461538461539,0.8369704749679076,0.7454083144070307,0.806488478673784,0.5483709614279886,1019.0,Lambda was selected using inner validation within the training set. The held-out test set was used only once for final evaluation and was not involved in lambda selection.,,,,,,,,,,
taiwan,taiwan,feature_specific,10000,10,0.25,0.803,0.5463320463320464,0.6402714932126696,0.8491655969191271,0.5895833333333333,0.7447185450658984,0.8039617446662679,0.5917177603332119,159.0,235.0,1030.0,"Taiwan 10,000 Subset",Feature-specific,logistic_regression,zz_reps2_linear_C5.0000,identity,0.25,5.0,0.25,0.5928753180661578,0.5895833333333333,0.5463320463320464,0.6402714932126696,0.8491655969191271,0.7447185450658984,0.8039617446662679,0.5917177603332119,1030.0,Lambda was selected using inner validation within the training set. The held-out test set was used only once for final evaluation and was not involved in lambda selection.,,,,,,,,,,
taiwan,taiwan,feature_specific,10000,20,0.05,0.813,0.5677290836653387,0.6447963800904978,0.8607188703465982,0.6038135593220338,0.7527576252185479,0.8080829349612857,0.5661193744582663,157.0,217.0,1002.0,"Taiwan 10,000 Subset",Feature-specific,logistic_regression,zz_reps2_linear_C2.0000,identity,0.05,2.0,0.05,0.6166219839142091,0.6038135593220338,0.5677290836653387,0.6447963800904978,0.8607188703465982,0.7527576252185479,0.8080829349612857,0.5661193744582663,1002.0,Lambda was selected using inner validation within the training set. The held-out test set was used only once for final evaluation and was not involved in lambda selection.,,,,,,,,,,
taiwan,taiwan,feature_specific,10000,30,0.7,0.8055,0.5459272097053726,0.7126696832579186,0.8318356867779204,0.6182531894013739,0.7722526850179194,0.8279395791100088,0.5753241512645452,127.0,262.0,897.0,"Taiwan 10,000 Subset",Feature-specific,logistic_regression,zz_reps2_linear_C5.0000,identity,0.7,5.0,0.7,0.6479591836734694,0.6182531894013739,0.5459272097053726,0.7126696832579186,0.8318356867779204,0.7722526850179194,0.8279395791100088,0.5753241512645452,897.0,Lambda was selected using inner validation within the training set. The held-out test set was used only once for final evaluation and was not involved in lambda selection.,,,,,,,,,,
taiwan,taiwan,feature_specific,10000,40,0.95,0.7915,0.5230202578268877,0.6425339366515838,0.8337612323491655,0.5766497461928934,0.7381475845003747,0.7906978432727885,0.5687556899258306,158.0,259.0,1049.0,"Taiwan 10,000 Subset",Feature-specific,logistic_regression,zz_reps2_linear_C0.1000,identity,0.95,0.1,0.95,0.571773220747889,0.5766497461928934,0.5230202578268877,0.6425339366515838,0.8337612323491655,0.7381475845003747,0.7906978432727885,0.5687556899258306,1049.0,Lambda was selected using inner validation within the training set. The held-out test set was used only once for final evaluation and was not involved in lambda selection.,,,,,,,,,,
taiwan,taiwan,feature_specific,10000,50,0.7,0.7815,0.5043782837127846,0.6515837104072398,0.8183568677792041,0.5686080947680158,0.7349702890932219,0.7823276738363956,0.5420832613050592,154.0,283.0,1053.0,"Taiwan 10,000 Subset",Feature-specific,logistic_regression,zz_reps2_linear_C0.2000,identity,0.7,0.2,0.7,0.5989847715736041,0.5686080947680158,0.5043782837127846,0.6515837104072398,0.8183568677792041,0.7349702890932219,0.7823276738363956,0.5420832613050592,1053.0,Lambda was selected using inner validation within the training set. The held-out test set was used only once for final evaluation and was not involved in lambda selection.,,,,,,,,,,
australian,australian,baseline,full,10,0.0,0.782608695652174,0.7901234567901234,0.8311688311688312,0.7213114754098361,0.810126582278481,0.7762401532893337,0.8077496274217586,0.7998271568499792,13.0,17.0,82.0,Australian Full,Baseline QSVC,,,,0.0,1.0,,,,,,,,,,,Lambda was selected using inner validation within the training set. The held-out test set was used only once for final evaluation and was not involved in lambda selection.,Australian Full,none,zz,1.0,full,0.732,44.0,64.0,82.0,0.0
australian,australian,convex,full,10,0.15,0.7681159420289855,0.7922077922077922,0.7922077922077922,0.7377049180327869,0.7922077922077922,0.7649563551202896,0.817968916329572,0.8179521349291238,16.0,16.0,96.0,Australian Full,Convex,,,,0.15,1.0,,0.8503937007874016,,,,,,,,,Lambda was selected using inner validation within the training set. The held-out test set was used only once for final evaluation and was not involved in lambda selection.,Australian Full,none,zz,1.0,full,15.375,45.0,61.0,82.0,-17.073170731707318
australian,australian,feature_specific,full,10,0.1,0.7681159420289855,0.7848101265822784,0.8051948051948052,0.7213114754098361,0.7948717948717948,0.7632531403023206,0.8090270385352353,0.8047266129043076,15.0,17.0,92.0,Australian Full,Feature-specific,,,,0.1,0.75,,0.8455284552845529,,,,,,,,,Lambda was selected using inner validation within the training set. The held-out test set was used only once for final evaluation and was not involved in lambda selection.,Australian Full,none,zz,1.0,full,14.903,44.0,62.0,82.0,-12.195121951219512
australian,australian,baseline,full,20,0.0,0.7753623188405797,0.7738095238095238,0.8441558441558441,0.6885245901639344,0.8074534161490683,0.7663402171598892,0.8247817756014477,0.8084221905339537,12.0,19.0,79.0,Australian Full,Baseline QSVC,,,,0.0,0.75,,,,,,,,,,,Lambda was selected using inner validation within the training set. The held-out test set was used only once for final evaluation and was not involved in lambda selection.,Australian Full,none,zz,1.0,full,0.716,42.0,65.0,79.0,0.0
australian,australian,convex,full,20,0.95,0.8188405797101449,0.7708333333333334,0.961038961038961,0.639344262295082,0.8554913294797688,0.8001916116670216,0.864381520119225,0.8259921650701033,3.0,22.0,37.0,Australian Full,Convex,,,,0.95,0.75,,0.8787878787878788,,,,,,,,,Lambda was selected using inner validation within the training set. The held-out test set was used only once for final evaluation and was not involved in lambda selection.,Australian Full,none,zz,1.0,full,15.294,39.0,74.0,79.0,53.16455696202531
australian,australian,feature_specific,full,20,0.65,0.7681159420289855,0.7848101265822784,0.8051948051948052,0.7213114754098361,0.7948717948717948,0.7632531403023206,0.8522461145411966,0.8156684829573111,15.0,17.0,92.0,Australian Full,Feature-specific,,,,0.65,0.5,,0.8548387096774194,,,,,,,,,Lambda was selected using inner validation within the training set. The held-out test set was used only once for final evaluation and was not involved in lambda selection.,Australian Full,none,zz,1.0,full,14.663,44.0,62.0,79.0,-16.455696202531644
australian,australian,baseline,full,30,0.0,0.782608695652174,0.7974683544303798,0.8181818181818182,0.7377049180327869,0.8076923076923077,0.7779433681073026,0.8371300830317224,0.800060610136633,14.0,16.0,86.0,Australian Full,Baseline QSVC,,,,0.0,0.5,,,,,,,,,,,Lambda was selected using inner validation within the training set. The held-out test set was used only once for final evaluation and was not involved in lambda selection.,Australian Full,none,zz,1.0,full,0.741,45.0,63.0,86.0,0.0
australian,australian,convex,full,30,0.25,0.8188405797101449,0.8170731707317073,0.8701298701298701,0.7540983606557377,0.8427672955974843,0.8121141153928039,0.8511816052799659,0.8242258542440907,10.0,15.0,65.0,Australian Full,Convex,,,,0.25,0.5,,0.8057553956834532,,,,,,,,,Lambda was selected using inner validation within the training set. The held-out test set was used only once for final evaluation and was not involved in lambda selection.,Australian Full,none,zz,1.0,full,15.502,46.0,67.0,86.0,24.418604651162788
australian,australian,feature_specific,full,30,0.8,0.7753623188405797,0.8382352941176471,0.7402597402597403,0.819672131147541,0.7862068965517242,0.7799659357036406,0.8454332552693209,0.8242016894557123,20.0,11.0,111.0,Australian Full,Feature-specific,,,,0.8,0.3,,0.8,,,,,,,,,Lambda was selected using inner validation within the training set. The held-out test set was used only once for final evaluation and was not involved in lambda selection.,Australian Full,none,zz,1.0,full,15.275,50.0,57.0,86.0,-29.069767441860467
australian,australian,baseline,full,40,0.0,0.8260869565217391,0.8840579710144928,0.7922077922077922,0.8688524590163934,0.8356164383561644,0.8305301256120928,0.8850329997870982,0.9104861296292964,16.0,8.0,88.0,Australian Full,Baseline QSVC,,,,0.0,0.3,,,,,,,,,,,Lambda was selected using inner validation within the training set. The held-out test set was used only once for final evaluation and was not involved in lambda selection.,Australian Full,none,zz,1.0,full,0.717,53.0,61.0,88.0,0.0
australian,australian,convex,full,40,0.25,0.7898550724637681,0.8,0.8311688311688312,0.7377049180327869,0.8152866242038217,0.784436874600809,0.8748137108792846,0.9037591871556256,13.0,16.0,81.0,Australian Full,Convex,,,,0.25,0.3,,0.8833333333333333,,,,,,,,,Lambda was selected using inner validation within the training set. The held-out test set was used only once for final evaluation and was not involved in lambda selection.,Australian Full,none,zz,1.0,full,15.709,45.0,64.0,88.0,7.954545454545454
australian,australian,feature_specific,full,40,0.6,0.8043478260869565,0.8125,0.8441558441558441,0.7540983606557377,0.8280254777070064,0.7991271024057909,0.884820097934852,0.9168160226939198,12.0,15.0,75.0,Australian Full,Feature-specific,,,,0.6,0.5,,0.8333333333333334,,,,,,,,,Lambda was selected using inner validation within the training set. The held-out test set was used only once for final evaluation and was not involved in lambda selection.,Australian Full,none,zz,1.0,full,15.062,46.0,65.0,88.0,14.772727272727272
australian,australian,baseline,full,50,0.0,0.7608695652173914,0.8055555555555556,0.7532467532467533,0.7704918032786885,0.7785234899328859,0.7618692782627209,0.8441558441558442,0.8644465944429217,19.0,14.0,109.0,Australian Full,Baseline QSVC,,,,0.0,0.5,,,,,,,,,,,Lambda was selected using inner validation within the training set. The held-out test set was used only once for final evaluation and was not involved in lambda selection.,Australian Full,none,zz,1.0,full,0.771,47.0,58.0,109.0,0.0
australian,australian,convex,full,50,0.35,0.7971014492753623,0.810126582278481,0.8311688311688312,0.7540983606557377,0.8205128205128205,0.7926335959122844,0.851181605279966,0.8763917783016556,13.0,15.0,80.0,Australian Full,Convex,,,,0.35,0.5,,0.8617886178861789,,,,,,,,,Lambda was selected using inner validation within the training set. The held-out test set was used only once for final evaluation and was not involved in lambda selection.,Australian Full,none,zz,1.0,full,15.47,46.0,64.0,109.0,26.605504587155966
australian,australian,feature_specific,full,50,0.7,0.7681159420289855,0.8,0.7792207792207793,0.7540983606557377,0.7894736842105263,0.7666595699382585,0.8548009367681498,0.8729276783156461,17.0,15.0,100.0,Australian Full,Feature-specific,,,,0.7,0.75,,0.859504132231405,,,,,,,,,Lambda was selected using inner validation within the training set. The held-out test set was used only once for final evaluation and was not involved in lambda selection.,Australian Full,none,zz,1.0,full,15.21,46.0,60.0,109.0,8.256880733944955
give_me_some_credit,give_me_some_credit,baseline,sample10000,10,0.0,0.798,0.1903669724770642,0.6194029850746269,0.8108252947481244,0.2912280701754386,0.7151141399113756,0.7793488346051095,0.2497009417677496,51.0,353.0,608.0,"Give Me Some Credit 10,000 Subset",Baseline QSVC,,,,0.0,,,,0.2912280701754386,0.1903669724770642,0.6194029850746269,0.8108252947481244,0.7151141399113756,0.7793488346051095,0.2497009417677496,608.0,Lambda was selected using inner validation within the training set. The held-out test set was used only once for final evaluation and was not involved in lambda selection.,,informative,,,,5.803,1513.0,83.0,,
give_me_some_credit,give_me_some_credit,convex,sample10000,10,0.95,0.807,0.1971153846153846,0.6119402985074627,0.8210075026795284,0.2981818181818181,0.7164739005934955,0.7699064964566236,0.2278571088463636,52.0,334.0,594.0,"Give Me Some Credit 10,000 Subset",Convex,,,,0.95,,,0.3348214285714285,0.2981818181818181,0.1971153846153846,0.6119402985074627,0.8210075026795284,0.7164739005934955,0.7699064964566236,0.2278571088463636,594.0,Lambda was selected using inner validation within the training set. The held-out test set was used only once for final evaluation and was not involved in lambda selection.,,informative,,,,100.187,1532.0,82.0,,
give_me_some_credit,give_me_some_credit,feature_specific,sample10000,10,0.95,0.7985,0.1908045977011494,0.6194029850746269,0.8113612004287245,0.2917398945518453,0.7153820927516756,0.7779970725152373,0.2428388576512116,51.0,352.0,607.0,"Give Me Some Credit 10,000 Subset",Feature-specific,,,,0.95,,,0.3185840707964602,0.2917398945518453,0.1908045977011494,0.6194029850746269,0.8113612004287245,0.7153820927516756,0.7779970725152373,0.2428388576512116,607.0,Lambda was selected using inner validation within the training set. The held-out test set was used only once for final evaluation and was not involved in lambda selection.,,informative,,,,99.803,1514.0,83.0,,
give_me_some_credit,give_me_some_credit,baseline,sample10000,20,0.0,0.7995,0.2091503267973856,0.7164179104477612,0.8054662379421221,0.3237774030354131,0.7609420741949416,0.800687079074083,0.2452149149974263,38.0,363.0,553.0,"Give Me Some Credit 10,000 Subset",Baseline QSVC,,,,0.0,,,,0.3237774030354131,0.2091503267973856,0.7164179104477612,0.8054662379421221,0.7609420741949416,0.800687079074083,0.2452149149974263,553.0,Lambda was selected using inner validation within the training set. The held-out test set was used only once for final evaluation and was not involved in lambda selection.,,informative,,,,5.833,1503.0,96.0,,
give_me_some_credit,give_me_some_credit,convex,sample10000,20,0.95,0.8115,0.2193995381062355,0.7089552238805971,0.8188638799571275,0.3350970017636684,0.7639095519188623,0.802658732063157,0.2258909114958241,39.0,338.0,533.0,"Give Me Some Credit 10,000 Subset",Convex,,,,0.95,,,0.3146551724137931,0.3350970017636684,0.2193995381062355,0.7089552238805971,0.8188638799571275,0.7639095519188623,0.802658732063157,0.2258909114958241,533.0,Lambda was selected using inner validation within the training set. The held-out test set was used only once for final evaluation and was not involved in lambda selection.,,informative,,,,100.705,1528.0,95.0,,
give_me_some_credit,give_me_some_credit,feature_specific,sample10000,20,0.9,0.798,0.2077922077922078,0.7164179104477612,0.8038585209003215,0.3221476510067114,0.7601382156740413,0.8010830093903473,0.2356861145090138,38.0,366.0,556.0,"Give Me Some Credit 10,000 Subset",Feature-specific,,,,0.9,,,0.2892561983471074,0.3221476510067114,0.2077922077922078,0.7164179104477612,0.8038585209003215,0.7601382156740413,0.8010830093903473,0.2356861145090138,556.0,Lambda was selected using inner validation within the training set. The held-out test set was used only once for final evaluation and was not involved in lambda selection.,,informative,,,,101.431,1500.0,96.0,,
give_me_some_credit,give_me_some_credit,baseline,sample10000,30,0.0,0.7895,0.1966173361522198,0.6940298507462687,0.7963558413719185,0.3064250411861614,0.7451928460590935,0.7977575946633393,0.2474183492648103,41.0,380.0,585.0,"Give Me Some Credit 10,000 Subset",Baseline QSVC,,,,0.0,,,,0.3064250411861614,0.1966173361522198,0.6940298507462687,0.7963558413719185,0.7451928460590935,0.7977575946633393,0.2474183492648103,585.0,Lambda was selected using inner validation within the training set. The held-out test set was used only once for final evaluation and was not involved in lambda selection.,,informative,,,,5.861,1486.0,93.0,,
give_me_some_credit,give_me_some_credit,convex,sample10000,30,0.45,0.7965,0.2,0.6791044776119403,0.804930332261522,0.3089983022071307,0.7420174049367312,0.8001971652989074,0.2332560662690206,43.0,364.0,579.0,"Give Me Some Credit 10,000 Subset",Convex,,,,0.45,,,0.3231850117096019,0.3089983022071307,0.2,0.6791044776119403,0.804930332261522,0.7420174049367312,0.8001971652989074,0.2332560662690206,579.0,Lambda was selected using inner validation within the training set. The held-out test set was used only once for final evaluation and was not involved in lambda selection.,,informative,,,,101.094,1502.0,91.0,,
give_me_some_credit,give_me_some_credit,feature_specific,sample10000,30,0.1,0.789,0.1949152542372881,0.6865671641791045,0.7963558413719185,0.3036303630363036,0.7414615027755115,0.7976816080369854,0.2469564923417081,42.0,380.0,590.0,"Give Me Some Credit 10,000 Subset",Feature-specific,,,,0.1,,,0.3123644251626898,0.3036303630363036,0.1949152542372881,0.6865671641791045,0.7963558413719185,0.7414615027755115,0.7976816080369854,0.2469564923417081,590.0,Lambda was selected using inner validation within the training set. The held-out test set was used only once for final evaluation and was not involved in lambda selection.,,informative,,,,101.649,1486.0,92.0,,
give_me_some_credit,give_me_some_credit,baseline,sample10000,40,0.0,0.8195,0.2155388471177944,0.6417910447761194,0.8322615219721329,0.3227016885553471,0.7370262833741261,0.8125569899697653,0.2359799273362892,48.0,313.0,553.0,"Give Me Some Credit 10,000 Subset",Baseline QSVC,,,,0.0,,,,0.3227016885553471,0.2155388471177944,0.6417910447761194,0.8322615219721329,0.7370262833741261,0.8125569899697653,0.2359799273362892,553.0,Lambda was selected using inner validation within the training set. The held-out test set was used only once for final evaluation and was not involved in lambda selection.,,informative,,,,5.898,1553.0,86.0,,
give_me_some_credit,give_me_some_credit,convex,sample10000,40,0.7,0.8235,0.2170542635658914,0.6268656716417911,0.837620578778135,0.3224568138195777,0.732243125209963,0.8077298395482395,0.2323425708511245,50.0,303.0,553.0,"Give Me Some Credit 10,000 Subset",Convex,,,,0.7,,,0.3244444444444444,0.3224568138195777,0.2170542635658914,0.6268656716417911,0.837620578778135,0.732243125209963,0.8077298395482395,0.2323425708511245,553.0,Lambda was selected using inner validation within the training set. The held-out test set was used only once for final evaluation and was not involved in lambda selection.,,informative,,,,100.552,1563.0,84.0,,
give_me_some_credit,give_me_some_credit,feature_specific,sample10000,40,1.0,0.8195,0.2111959287531806,0.6194029850746269,0.8338692390139335,0.3149905123339658,0.7266361120442801,0.812293036425589,0.2332895125677291,51.0,310.0,565.0,"Give Me Some Credit 10,000 Subset",Feature-specific,,,,1.0,,,0.3175965665236051,0.3149905123339658,0.2111959287531806,0.6194029850746269,0.8338692390139335,0.7266361120442801,0.812293036425589,0.2332895125677291,565.0,Lambda was selected using inner validation within the training set. The held-out test set was used only once for final evaluation and was not involved in lambda selection.,,informative,,,,100.671,1556.0,83.0,,
give_me_some_credit,give_me_some_credit,baseline,sample10000,50,0.0,0.782,0.1893004115226337,0.6865671641791045,0.7888531618435155,0.2967741935483871,0.73771016301131,0.8012369822911168,0.2303056212673391,42.0,394.0,604.0,"Give Me Some Credit 10,000 Subset",Baseline QSVC,,,,0.0,,,,0.2967741935483871,0.1893004115226337,0.6865671641791045,0.7888531618435155,0.73771016301131,0.8012369822911168,0.2303056212673391,604.0,Lambda was selected using inner validation within the training set. The held-out test set was used only once for final evaluation and was not involved in lambda selection.,,informative,,,,5.882,1472.0,92.0,,
give_me_some_credit,give_me_some_credit,convex,sample10000,50,0.4,0.791,0.1926406926406926,0.664179104477612,0.80010718113612,0.2986577181208054,0.732143142806866,0.8035965670042071,0.2344460360905114,45.0,373.0,598.0,"Give Me Some Credit 10,000 Subset",Convex,,,,0.4,,,0.3243243243243243,0.2986577181208054,0.1926406926406926,0.664179104477612,0.80010718113612,0.732143142806866,0.8035965670042071,0.2344460360905114,598.0,Lambda was selected using inner validation within the training set. The held-out test set was used only once for final evaluation and was not involved in lambda selection.,,informative,,,,101.917,1493.0,89.0,,
give_me_some_credit,give_me_some_credit,feature_specific,sample10000,50,0.45,0.7815,0.188911704312115,0.6865671641791045,0.7883172561629154,0.2962962962962963,0.7374422101710099,0.8012729759562318,0.2298454915305668,42.0,395.0,605.0,"Give Me Some Credit 10,000 Subset",Feature-specific,,,,0.45,,,0.3128712871287128,0.2962962962962963,0.188911704312115,0.6865671641791045,0.7883172561629154,0.7374422101710099,0.8012729759562318,0.2298454915305668,605.0,Lambda was selected using inner validation within the training set. The held-out test set was used only once for final evaluation and was not involved in lambda selection.,,informative,,,,101.035,1471.0,92.0,,
fico_heloc,fico_heloc,baseline,full,10,0.0,0.7136711281070746,0.7428571428571429,0.6904761904761905,0.739,0.7157095396298054,0.7147380952380953,0.7751520146520146,0.7588557798591989,338.0,261.0,1951.0,FICO HELOC Full,Baseline QSVC,,,,0.0,,,,0.7157095396298054,0.7428571428571429,0.6904761904761905,0.739,0.7147380952380953,0.7751520146520146,0.7588557798591989,1951.0,Lambda was selected using inner validation within the training set. The held-out test set was used only once for final evaluation and was not involved in lambda selection.,,random,,,,6.243,739.0,754.0,,
fico_heloc,fico_heloc,convex,full,10,0.75,0.7141491395793499,0.748991935483871,0.6804029304029304,0.751,0.7130518234165067,0.7157014652014653,0.7785787545787546,0.7572843465590724,349.0,249.0,1994.0,FICO HELOC Full,Convex,,,,0.75,,,0.7211940298507463,0.7130518234165067,0.748991935483871,0.6804029304029304,0.751,0.7157014652014653,0.7785787545787546,0.7572843465590724,1994.0,Lambda was selected using inner validation within the training set. The held-out test set was used only once for final evaluation and was not involved in lambda selection.,,random,,,,106.702,751.0,743.0,,
fico_heloc,fico_heloc,feature_specific,full,10,0.0,0.7136711281070746,0.7428571428571429,0.6904761904761905,0.739,0.7157095396298054,0.7147380952380953,0.7751520146520146,0.7588557798591989,338.0,261.0,1951.0,FICO HELOC Full,Feature-specific,,,,0.0,,,0.7202838557066824,0.7157095396298054,0.7428571428571429,0.6904761904761905,0.739,0.7147380952380953,0.7751520146520146,0.7588557798591989,1951.0,Lambda was selected using inner validation within the training set. The held-out test set was used only once for final evaluation and was not involved in lambda selection.,,random,,,,106.808,739.0,754.0,,
fico_heloc,fico_heloc,baseline,full,20,0.0,0.7275334608030593,0.732620320855615,0.7527472527472527,0.7,0.7425474254742548,0.7263736263736263,0.7778168498168497,0.7672100811975844,270.0,300.0,1650.0,FICO HELOC Full,Baseline QSVC,,,,0.0,,,,0.7425474254742548,0.732620320855615,0.7527472527472527,0.7,0.7263736263736263,0.7778168498168497,0.7672100811975844,1650.0,Lambda was selected using inner validation within the training set. The held-out test set was used only once for final evaluation and was not involved in lambda selection.,,random,,,,6.215,700.0,822.0,,
fico_heloc,fico_heloc,convex,full,20,0.0,0.7275334608030593,0.732620320855615,0.7527472527472527,0.7,0.7425474254742548,0.7263736263736263,0.7778168498168497,0.7672100811975844,270.0,300.0,1650.0,FICO HELOC Full,Convex,,,,0.0,,,0.7277840269966255,0.7425474254742548,0.732620320855615,0.7527472527472527,0.7,0.7263736263736263,0.7778168498168497,0.7672100811975844,1650.0,Lambda was selected using inner validation within the training set. The held-out test set was used only once for final evaluation and was not involved in lambda selection.,,random,,,,107.178,700.0,822.0,,
fico_heloc,fico_heloc,feature_specific,full,20,0.0,0.7275334608030593,0.732620320855615,0.7527472527472527,0.7,0.7425474254742548,0.7263736263736263,0.7778168498168497,0.7672100811975844,270.0,300.0,1650.0,FICO HELOC Full,Feature-specific,,,,0.0,,,0.7277840269966255,0.7425474254742548,0.732620320855615,0.7527472527472527,0.7,0.7263736263736263,0.7778168498168497,0.7672100811975844,1650.0,Lambda was selected using inner validation within the training set. The held-out test set was used only once for final evaluation and was not involved in lambda selection.,,random,,,,105.988,700.0,822.0,,
fico_heloc,fico_heloc,baseline,full,30,0.0,0.7179732313575525,0.7175043327556326,0.7582417582417582,0.674,0.7373107747105966,0.7161208791208791,0.7774826007326008,0.7700352702937174,264.0,326.0,1646.0,FICO HELOC Full,Baseline QSVC,,,,0.0,,,,0.7373107747105966,0.7175043327556326,0.7582417582417582,0.674,0.7161208791208791,0.7774826007326008,0.7700352702937174,1646.0,Lambda was selected using inner validation within the training set. The held-out test set was used only once for final evaluation and was not involved in lambda selection.,,random,,,,6.292,674.0,828.0,,
fico_heloc,fico_heloc,convex,full,30,0.5,0.7179732313575525,0.7201754385964912,0.7518315018315018,0.681,0.735663082437276,0.7164157509157509,0.7789761904761905,0.7680023534904213,271.0,319.0,1674.0,FICO HELOC Full,Convex,,,,0.5,,,0.7204058624577226,0.735663082437276,0.7201754385964912,0.7518315018315018,0.681,0.7164157509157509,0.7789761904761905,0.7680023534904213,1674.0,Lambda was selected using inner validation within the training set. The held-out test set was used only once for final evaluation and was not involved in lambda selection.,,random,,,,107.397,681.0,821.0,,
fico_heloc,fico_heloc,feature_specific,full,30,0.85,0.7184512428298279,0.7208077260755048,0.7518315018315018,0.682,0.735992828328104,0.7169157509157509,0.7791025641025641,0.7703289963532665,271.0,318.0,1673.0,FICO HELOC Full,Feature-specific,,,,0.85,,,0.7163000564015792,0.735992828328104,0.7208077260755048,0.7518315018315018,0.682,0.7169157509157509,0.7791025641025641,0.7703289963532665,1673.0,Lambda was selected using inner validation within the training set. The held-out test set was used only once for final evaluation and was not involved in lambda selection.,,random,,,,105.709,682.0,821.0,,
fico_heloc,fico_heloc,baseline,full,40,0.0,0.7323135755258127,0.7321116928446771,0.7683150183150184,0.693,0.7497765862377123,0.7306575091575092,0.7816204212454212,0.7720886883545275,253.0,307.0,1572.0,FICO HELOC Full,Baseline QSVC,,,,0.0,,,,0.7497765862377123,0.7321116928446771,0.7683150183150184,0.693,0.7306575091575092,0.7816204212454212,0.7720886883545275,1572.0,Lambda was selected using inner validation within the training set. The held-out test set was used only once for final evaluation and was not involved in lambda selection.,,random,,,,6.23,693.0,839.0,,
fico_heloc,fico_heloc,convex,full,40,0.5,0.7179732313575525,0.7436893203883496,0.7014652014652014,0.736,0.7219604147031102,0.7187326007326007,0.7805947802197801,0.7659591028105885,326.0,264.0,1894.0,FICO HELOC Full,Convex,,,,0.5,,,0.7356705620478575,0.7219604147031102,0.7436893203883496,0.7014652014652014,0.736,0.7187326007326007,0.7805947802197801,0.7659591028105885,1894.0,Lambda was selected using inner validation within the training set. The held-out test set was used only once for final evaluation and was not involved in lambda selection.,,random,,,,105.876,736.0,766.0,,
fico_heloc,fico_heloc,feature_specific,full,40,0.35,0.7308795411089866,0.7322212467076383,0.7637362637362637,0.695,0.7476467951591215,0.7293681318681318,0.7817806776556776,0.771015715326594,258.0,305.0,1595.0,FICO HELOC Full,Feature-specific,,,,0.35,,,0.7321921590281613,0.7476467951591215,0.7322212467076383,0.7637362637362637,0.695,0.7293681318681318,0.7817806776556776,0.771015715326594,1595.0,Lambda was selected using inner validation within the training set. The held-out test set was used only once for final evaluation and was not involved in lambda selection.,,random,,,,105.661,695.0,834.0,,
fico_heloc,fico_heloc,baseline,full,50,0.0,0.7127151051625239,0.7178349600709849,0.7408424908424909,0.682,0.7291572780531771,0.7114212454212454,0.7786327838827839,0.7800142001845876,283.0,318.0,1733.0,FICO HELOC Full,Baseline QSVC,,,,0.0,,,,0.7291572780531771,0.7178349600709849,0.7408424908424909,0.682,0.7114212454212454,0.7786327838827839,0.7800142001845876,1733.0,Lambda was selected using inner validation within the training set. The held-out test set was used only once for final evaluation and was not involved in lambda selection.,,random,,,,6.188,682.0,809.0,,
fico_heloc,fico_heloc,convex,full,50,0.0,0.7127151051625239,0.7178349600709849,0.7408424908424909,0.682,0.7291572780531771,0.7114212454212454,0.7786327838827839,0.7800142001845876,283.0,318.0,1733.0,FICO HELOC Full,Convex,,,,0.0,,,0.7411961989938514,0.7291572780531771,0.7178349600709849,0.7408424908424909,0.682,0.7114212454212454,0.7786327838827839,0.7800142001845876,1733.0,Lambda was selected using inner validation within the training set. The held-out test set was used only once for final evaluation and was not involved in lambda selection.,,random,,,,105.379,682.0,809.0,,
fico_heloc,fico_heloc,feature_specific,full,50,0.2,0.7122370936902486,0.7171985815602837,0.7408424908424909,0.681,0.7288288288288288,0.7109212454212455,0.7788159340659341,0.7802103546807869,283.0,319.0,1734.0,FICO HELOC Full,Feature-specific,,,,0.2,,,0.7441340782122905,0.7288288288288288,0.7171985815602837,0.7408424908424909,0.681,0.7109212454212455,0.7788159340659341,0.7802103546807869,1734.0,Lambda was selected using inner validation within the training set. The held-out test set was used only once for final evaluation and was not involved in lambda selection.,,random,,,,104.629,681.0,809.0,,
